player,player_id,b_total_pa,bb_count,exit_velocity_avg,pull_air_pct,iz_contact_pct,swg_dec,z_ev,z_pullair,z_izcon,z_swgdec,composite_z,min_z,rank_ev,rank_pullair,rank_izcon,rank_swgdec,rank_composite_z,rank_min_z,z_swing_percent,oz_swing_percent,iz_contact_percent,woba,xwoba,barrel_batted_rate,hard_hit_percent
Yordan Alvarez,670541,129,76.0,94.0,31.57894736842105,93.3,67.6,1.6858702757831057,2.015442429011489,1.4776319643620899,-0.08248182855768205,1.2741157101497507,-0.08248182855768205,17,7,16,154,1,20,62.0,26.8,93.3,0.505,0.541,18.8,50.0
Mike Trout,545361,130,59.0,92.7,25.42372881355932,89.2,71.1,1.2267599558104672,1.1552334540002571,0.8287720476020112,0.9053930198326025,1.0290396193113345,0.8287720476020112,33,30,62,56,2,1,59.0,16.8,89.2,0.421,0.49,26.0,51.9
Mickey Moniak,666160,85,42.0,90.4,38.095238095238095,90.3,66.25,0.41448785124349086,2.926112247967479,1.002856415513251,-0.4635192700796473,0.9699843111611433,-0.4635192700796473,90,4,49,211,3,68,72.9,40.4,90.3,0.439,0.314,11.7,38.3
Ben Rice,700250,109,43.0,95.7,25.58139534883721,84.4,68.9,2.286245309593481,1.1772677924231945,0.06913116944386963,0.28444311513014114,0.9542718466476716,0.06913116944386963,5,28,143,120,4,9,57.7,19.9,84.4,0.492,0.456,22.6,64.5
Kevin McGonigle,805808,123,70.0,89.2,27.142857142857142,90.9,72.4,-0.009306290269715745,1.3954864368760653,1.0978115252830203,1.2723179635204256,0.939077408852449,-0.009306290269715745,152,21,39,29,5,15,65.5,20.7,90.9,0.419,0.423,14.3,41.8
Liam Hicks,689414,96,68.0,88.1,23.529411764705884,99.2,70.75,-0.39778425332349054,0.8904973585364434,2.4113572104314733,0.8066055349935757,0.9276689626595005,-0.39778425332349054,198,53,1,68,6,56,65.7,24.2,99.2,0.384,0.358,7.1,40.0
Tyler Stephenson,663886,77,37.0,95.2,16.216216216216218,80.4,75.15,2.109664417296312,-0.13154213376624926,-0.5639028956879153,2.048505344398506,0.8656811830601634,-0.5639028956879153,7,164,220,7,7,86,66.7,16.4,80.4,0.263,0.328,12.2,56.1
George Springer,543807,62,40.0,88.9,20.0,86.6,76.9,-0.11525482564801613,0.39725221225123064,0.4172999052663496,2.5424427685936486,0.8104350151158032,-0.11525482564801613,168,94,107,1,8,27,78.2,24.4,86.6,0.299,0.289,10.0,42.5
Jake Bauers,641343,95,52.0,93.3,17.307692307692307,82.9,74.80000000000001,1.438657026567068,0.0209946968157158,-0.16825660498054973,1.9497178595594795,0.8102782444904284,-0.16825660498054973,19,149,173,9,9,32,69.7,20.1,82.9,0.34,0.339,10.3,55.9
Zach Neto,687263,136,62.0,89.1,33.87096774193548,82.8,71.7,-0.044622468729152556,2.335758674264619,-0.1840824566088457,1.074742993842368,0.7954491856922472,-0.1840824566088457,157,5,177,41,10,33,72.2,28.8,82.8,0.352,0.332,11.4,35.4
Hunter Goodman,696100,106,45.0,93.1,44.44444444444444,74.4,65.95,1.3680246696481995,3.8134315587451098,-1.5134539933855928,-0.5481942570845281,0.7799519944807972,-1.5134539933855928,26,1,274,217,11,217,71.8,39.9,74.4,0.383,0.326,14.5,50.9
Ketel Marte,606466,114,66.0,92.3,28.78787878787879,86.7,67.75,1.08549524197273,1.625382803759361,0.43312575689464555,-0.04014433505523968,0.7759648668928742,-0.04014433505523968,39,12,105,149,12,17,68.5,33.0,86.7,0.305,0.365,9.4,47.1
Bo Naylor,666310,67,38.0,89.2,21.05263157894737,91.9,72.5,-0.009306290269715745,0.5443604137748908,1.2560700415659665,1.3005429591887179,0.7729167810649649,-0.009306290269715745,152,83,35,25,13,15,68.3,23.3,91.9,0.184,0.304,10.9,41.3
Freddie Freeman,518692,114,71.0,92.2,23.943661971830984,84.9,71.15,1.0501790635132981,0.9483899813398716,0.14826042758534275,0.9195055176667526,0.7665837475263163,0.14826042758534275,42,50,130,54,14,6,73.6,31.3,84.9,0.346,0.401,15.1,48.4
Colt Keith,690993,86,52.0,94.3,19.23076923076923,87.1,69.2,1.791818811161406,0.2897500649839406,0.49642916340782267,0.3691181021350219,0.7367790354220478,0.2897500649839406,15,109,96,112,15,2,59.4,21.0,87.1,0.336,0.353,7.8,54.7
Josh Bell,605137,109,59.0,88.8,30.508474576271187,81.9,73.2,-0.15057100410745294,1.8658408681399707,-0.32651512126349597,1.4981179288667756,0.7217181679089493,-0.32651512126349597,170,8,189,14,16,43,74.2,27.8,81.9,0.323,0.337,8.9,40.5
José Ramírez,608070,126,73.0,90.7,27.3972602739726,90.6,67.2,0.5204363866217913,1.4310399846024289,1.0503339703981345,-0.19538181123085502,0.7016071325978749,-0.19538181123085502,83,19,44,170,17,34,64.9,30.5,90.6,0.351,0.4,10.9,45.7
Casey Schmitt,669477,89,45.0,91.4,28.88888888888889,86.7,67.5,0.7676496358378289,1.639499247339914,0.43312575689464555,-0.11070682422597429,0.6823919539616036,-0.11070682422597429,57,11,105,158,18,25,67.7,32.7,86.7,0.386,0.369,15.9,50.8
TJ Rumfield,681198,113,65.0,86.3,24.615384615384617,92.3,72.65,-1.0334754655932978,1.0422650958549702,1.3193734480791435,1.3428804526911602,0.667760882757994,-1.0334754655932978,256,41,28,22,19,152,75.7,30.4,92.3,0.326,0.342,8.4,38.6
Andrew Benintendi,643217,88,37.0,90.5,43.24324324324324,73.6,68.55,0.4498040297029226,3.6455603377871797,-1.6400608064119515,0.18565563029111026,0.6602397978423152,-1.6400608064119515,88,2,277,124,20,230,73.3,36.2,73.6,0.276,0.289,11.1,61.1
Chase DeLauter,800050,104,63.0,89.4,22.22222222222222,90.6,70.65,0.061326066649152855,0.7078139710234014,1.0503339703981345,0.7783805393252834,0.649463636848993,0.061326066649152855,137,66,44,70,21,10,61.7,20.4,90.6,0.359,0.366,9.6,38.6
Juan Soto,665742,55,25.0,89.9,20.0,88.1,72.44999999999999,0.23790695894632186,0.39725221225123064,0.6546876796907689,1.2864304613545678,0.6440693280607224,0.23790695894632186,112,94,76,28,22,4,69.1,24.2,88.1,0.374,0.399,13.2,39.5
Carlos Cortes,666126,67,40.0,92.0,15.0,87.4,72.55,0.9795467065944297,-0.30151174498615374,0.5439067182927083,1.3146554570228641,0.6341492842309621,-0.30151174498615374,45,184,90,24,23,41,68.8,23.7,87.4,0.482,0.466,15.8,52.6
Trent Grisham,663757,101,48.0,91.4,20.83333333333333,92.5,67.55,0.7676496358378289,0.5137128717907941,1.3510251513357332,-0.09659432639182816,0.6339483331431319,-0.09659432639182816,57,88,26,156,24,21,50.0,14.9,92.5,0.307,0.357,12.1,51.5
Jake Fraley,641584,59,35.0,86.5,22.857142857142858,91.8,72.9,-0.9628431086744293,0.7965459021011646,1.2402441899376704,1.4134429418618948,0.6218474813065751,-0.9628431086744293,249,62,36,18,25,139,66.9,21.1,91.8,0.342,0.314,10.3,25.6
Kyle Tucker,663656,120,63.0,89.0,19.047619047619047,84.0,75.4,-0.07993864718858434,0.26415431563458597,0.005827762930690231,2.119067833569241,0.5772778162364832,-0.07993864718858434,162,115,154,4,26,19,75.5,24.7,84.0,0.31,0.311,7.1,40.5
Miguel Vargas,678246,121,61.0,89.0,19.672131147540984,81.8,76.15,-0.07993864718858434,0.35143162489140223,-0.34234097289179194,2.330755301081445,0.5649768264731178,-0.34234097289179194,162,102,194,2,27,47,68.8,16.5,81.8,0.356,0.374,13.4,43.9
Spencer Torkelson,679529,107,43.0,91.1,23.25581395348837,81.5,71.69999999999999,0.6617011004595235,0.852261300684876,-0.38981852777667536,1.074742993842364,0.549721716802522,-0.38981852777667536,63,59,200,42,28,55,60.3,16.9,81.5,0.372,0.392,16.9,47.5
Isaac Paredes,670623,98,52.0,88.2,32.69230769230769,87.8,67.0,-0.36246807486405375,2.1710376421615143,0.6072101248058855,-0.25183180256744353,0.5409869723839755,-0.36246807486405375,191,6,81,181,29,50,63.0,29.0,87.8,0.323,0.287,2.9,27.5
Shohei Ohtani,660271,129,60.0,94.6,25.0,84.9,64.2,1.8977673465397065,1.096016169488615,0.14826042758534275,-1.0421316812796704,0.5249780655834985,-1.0421316812796704,10,32,130,251,30,158,60.2,31.8,84.9,0.384,0.413,21.8,52.6
Dominic Canzone,686527,68,42.0,95.1,23.80952380952381,80.8,66.45,2.0743482388368752,0.9296437987178093,-0.5005994891747382,-0.40706927874305887,0.5240808174092219,-0.5005994891747382,8,52,213,202,31,73,64.5,31.6,80.8,0.373,0.396,16.3,49.0
Richie Palacios,680700,51,29.0,86.9,24.13793103448276,90.3,71.0,-0.8215783948366921,0.9755396251373423,1.002856415513251,0.8771680241643103,0.5084964174945529,-0.8215783948366921,237,47,49,60,32,123,63.3,21.3,90.3,0.362,0.392,6.1,33.3
Shea Langeliers,669127,122,62.0,93.1,14.516129032258064,87.7,69.4,1.3680246696481995,-0.3691340634284813,0.5913842731775918,0.42556809347161034,0.5039607432172301,-0.3691340634284813,26,193,84,105,33,53,74.5,35.7,87.7,0.399,0.386,12.3,49.4
Jakob Marsee,805300,126,64.0,88.1,21.875,94.6,68.1,-0.39778425332349054,0.6592886962152498,1.6833680355299194,0.05864314978378717,0.5008789070513665,-0.39778425332349054,198,76,8,142,34,56,55.9,19.7,94.6,0.282,0.289,2.4,39.3
Victor Caratini,605170,88,56.0,87.7,25.0,94.7,66.95,-0.5390489671612227,1.096016169488615,1.6991938871582155,-0.2659443004015896,0.4975541972710046,-0.5390489671612227,214,32,7,185,35,81,59.0,25.1,94.7,0.28,0.355,4.8,33.3
Dansby Swanson,621020,117,53.0,90.3,28.30188679245283,79.0,70.85,0.379171672784054,1.5574640657774537,-0.7854648184840409,0.8348305306618679,0.49650036268483366,-0.7854648184840409,95,16,235,66,36,118,63.3,21.6,79.0,0.339,0.348,12.5,47.2
Austin Martin,668885,76,36.0,86.0,22.22222222222222,91.5,72.15,-1.1394240009715983,0.7078139710234014,1.192766635052787,1.201755474349691,0.4907280198635703,-1.1394240009715983,263,66,38,33,37,170,55.8,11.5,91.5,0.436,0.385,4.7,39.5
Carson Kelly,608348,83,43.0,91.3,16.27906976744186,90.0,69.25,0.7323334573783921,-0.12275817453007862,0.9553788606283676,0.383230599969168,0.4870461858614622,-0.12275817453007862,60,163,56,109,38,29,63.4,24.9,90.0,0.397,0.38,12.5,50.0
Miguel Andujar,609280,64,39.0,89.7,23.07692307692308,90.6,67.5,0.16727460202745326,0.8272608013203907,1.0503339703981345,-0.11070682422597429,0.483540637380001,-0.11070682422597429,125,60,44,158,39,25,69.7,34.7,90.6,0.351,0.287,2.0,45.1
Michael Harris II,671739,100,58.0,94.5,18.96551724137931,87.5,65.25,1.8624511680802747,0.2526803590297027,0.5597325699210021,-0.7457692267625857,0.48227371756709836,-0.7457692267625857,13,118,86,234,40,114,71.0,40.5,87.5,0.398,0.458,19.5,55.8
Marcus Semien,543760,110,62.0,86.7,27.41935483870968,84.6,72.35,-0.8922107517555607,1.434127761700253,0.10078287270045708,1.2582054656862756,0.4752263370828562,-0.8922107517555607,243,18,137,30,41,130,73.8,29.1,84.6,0.262,0.287,7.6,34.2
Moisés Ballesteros,694208,65,36.0,92.0,19.444444444444443,86.1,68.8,0.9795467065944297,0.3196117725581877,0.33817064712487643,0.25621811946184486,0.4733868114348347,0.25621811946184486,45,106,112,121,42,3,71.8,34.2,86.1,0.487,0.383,13.7,56.9
Cedric Mullins,656775,97,59.0,88.2,22.033898305084747,84.1,73.35,-0.36246807486405375,0.681495177907116,0.021653614558983954,1.540455422369214,0.470284034992815,-0.36246807486405375,191,72,150,13,43,50,75.0,28.3,84.1,0.207,0.217,2.9,31.9
William Contreras,661388,110,63.0,89.5,17.46031746031746,90.3,70.25,0.09664224510858464,0.042324487940178006,1.002856415513251,0.6654805566521064,0.45182592630353,0.042324487940178006,131,146,49,80,44,13,67.0,26.5,90.3,0.322,0.33,7.0,43.0
Wilyer Abreu,677800,113,62.0,90.8,20.967741935483872,84.6,70.05,0.5557525650812231,0.5324968491358858,0.10078287270045708,0.6090305653155179,0.449515713058271,0.10078287270045708,75,86,137,83,45,8,67.0,26.9,84.6,0.377,0.378,12.5,50.0
Adley Rutschman,668939,56,28.0,89.2,25.0,92.6,65.55,-0.009306290269715745,1.096016169488615,1.366851002964027,-0.6610942397577051,0.4481166606063053,-0.6610942397577051,152,32,23,229,46,99,57.6,26.5,92.6,0.44,0.315,6.8,47.7
Carter Jensen,695600,94,42.0,90.8,26.19047619047619,80.7,69.5,0.5557525650812231,1.2623885402594208,-0.5164253408030319,0.4537930891399026,0.4388772134193787,-0.5164253408030319,75,27,216,100,47,76,64.1,25.1,80.7,0.377,0.342,12.1,43.1
Kyle Schwarber,656941,125,46.0,92.8,23.91304347826087,77.4,69.9,1.262076134269899,0.9441109613935317,-1.038678444536754,0.5666930718130796,0.4335504307349391,-1.038678444536754,32,51,252,87,48,156,62.8,23.0,77.4,0.378,0.373,21.0,51.6
Jeff McNeil,643446,96,57.0,87.2,12.280701754385966,90.1,75.4,-0.7156298594583917,-0.6815412655889417,0.9712047122566614,2.119067833569241,0.4232753551946422,-0.7156298594583917,226,226,53,4,49,108,81.6,30.8,90.1,0.335,0.34,1.4,36.5
Junior Caminero,691406,122,72.0,91.9,25.0,84.4,66.4,0.9442305281349979,1.096016169488615,0.06913116944386963,-0.42118177657720496,0.4220490226225694,-0.42118177657720496,48,32,143,204,50,64,62.4,29.6,84.4,0.364,0.363,10.8,45.2
Nick Kurtz,701762,125,42.0,98.1,16.666666666666668,71.9,69.4,3.1338335926198893,-0.06859042590702547,-1.9091002840929583,0.42556809347161034,0.39542774402287895,-1.9091002840929583,1,154,284,105,51,255,59.3,20.5,71.9,0.384,0.424,21.8,63.6
Brandon Nimmo,607043,128,69.0,91.1,20.28985507246377,84.9,69.05,0.6617011004595235,0.4377602677432531,0.14826042758534275,0.32678060863257946,0.3936256011051747,0.14826042758534275,63,93,130,116,52,6,67.5,29.4,84.9,0.354,0.365,10.8,48.4
Bryan Reynolds,668804,124,55.0,91.1,18.181818181818183,84.3,70.35,0.6617011004595235,0.14315622780127288,0.053305317815573655,0.6937055523203987,0.38796704959919215,0.053305317815573655,63,130,147,76,53,12,65.7,25.0,84.3,0.336,0.343,8.6,42.9
Heliot Ramos,671218,104,49.0,93.2,12.244897959183673,85.7,69.8,1.4033408481076362,-0.6865449459128758,0.2748672406116993,0.5384680761447833,0.3825328047378107,-0.6865449459128758,24,228,117,90,54,104,75.0,35.4,85.7,0.314,0.336,16.7,56.1
Brice Turang,668930,116,51.0,93.3,7.84313725490196,87.1,71.05,1.438657026567068,-1.301703291620057,0.49642916340782267,0.8912805219984563,0.38116585508832246,-1.301703291620057,19,266,96,58,55,190,60.6,18.5,87.1,0.378,0.402,10.4,53.7
Francisco Lindor,596019,105,70.0,90.9,20.0,83.3,70.15,0.5910687435406599,0.39725221225123064,-0.10495319846737258,0.6372555609838142,0.38015582957708305,-0.10495319846737258,71,94,165,82,56,24,68.0,27.7,83.3,0.305,0.341,9.5,43.2
Fernando Tatis Jr.,665487,118,62.0,94.6,4.838709677419355,85.1,71.9,1.8977673465397065,-1.7215804322750317,0.1799121308419302,1.1311929851789564,0.37182300757139036,-1.7215804322750317,10,285,129,38,57,241,71.2,27.4,85.1,0.29,0.358,12.7,67.1
Henry Davis,680779,65,35.0,88.8,17.142857142857142,87.2,71.85,-0.15057100410745294,-0.002041477598703382,0.5122550150361187,1.1170804873448064,0.3691807551686922,-0.15057100410745294,170,150,93,39,58,30,72.3,28.6,87.2,0.237,0.237,4.2,33.3
JJ Wetherholt,802139,124,62.0,89.4,20.967741935483872,82.3,71.95,0.061326066649152855,0.5324968491358858,-0.26321171475031885,1.1453054830131026,0.3689791710119556,-0.26321171475031885,137,86,187,37,59,38,65.9,22.0,82.3,0.355,0.359,9.5,45.2
Corey Seager,608369,117,54.0,89.8,18.51851851851852,78.2,74.94999999999999,0.20259078048688503,0.19021103973645015,-0.9120716315103975,1.9920553530619138,0.3681963854437129,-0.9120716315103975,118,122,244,8,60,134,80.8,30.9,78.2,0.316,0.336,13.3,41.3
Jung Hoo Lee,808982,109,63.0,89.3,12.698412698412698,96.0,68.44999999999999,0.026009888189716047,-0.6231649951430451,1.904929958326045,0.157430634622814,0.36630137149888253,-0.6231649951430451,144,222,4,129,61,94,62.8,25.9,96.0,0.364,0.342,3.4,39.1
Christian Walker,572233,118,68.0,90.7,14.705882352941176,85.5,71.44999999999999,0.5204363866217913,-0.34261550717658823,0.2432155373551096,1.0041805046716292,0.3563042303679855,-0.34261550717658823,83,188,121,50,62,48,71.1,28.2,85.5,0.406,0.367,14.6,50.0
Daulton Varsho,662139,96,56.0,84.7,25.0,87.1,72.9,-1.5985343209442366,1.096016169488615,0.49642916340782267,1.4134429418618948,0.35183848845352395,-1.5985343209442366,277,32,96,18,63,226,79.5,33.7,87.1,0.313,0.3,5.6,33.3
Gunnar Henderson,683002,132,65.0,90.4,29.23076923076923,81.6,66.7,0.41448785124349086,1.6872779794587094,-0.37399267614838166,-0.3365067895723242,0.3478165912453736,-0.37399267614838166,90,9,195,195,64,54,65.4,32.0,81.6,0.332,0.321,12.7,49.4
Spencer Steer,668715,99,48.0,90.0,29.166666666666668,81.3,67.4,0.27322313740575366,1.6783194671864354,-0.4214702310332651,-0.13893181989426653,0.3477851384161643,-0.4214702310332651,105,10,204,164,65,66,63.6,28.8,81.3,0.312,0.349,16.1,38.7
Alex Bregman,608324,131,75.0,90.4,18.666666666666668,86.8,69.0,0.41448785124349086,0.2109151569879283,0.44895160852293925,0.3126681107984334,0.34675568188819794,0.2109151569879283,90,121,101,117,66,5,56.0,18.0,86.8,0.312,0.328,8.1,45.5
Ronald Acuña Jr.,660670,132,67.0,89.0,17.91044776119403,80.5,74.65,-0.07993864718858434,0.10523145400277126,-0.5480770440596217,1.9073803660570372,0.3461490322029006,-0.5480770440596217,162,136,218,10,67,82,74.9,25.6,80.5,0.326,0.387,12.8,43.0
Vinnie Pasquantino,686469,120,67.0,88.6,25.37313432835821,87.2,67.65,-0.22120336102632154,1.148162733461554,0.5122550150361187,-0.06836933072353192,0.3427112641869548,-0.22120336102632154,177,31,93,153,68,35,66.5,31.2,87.2,0.262,0.291,7.5,35.0
Aaron Judge,592450,123,52.0,93.2,21.153846153846157,75.3,70.65,1.4033408481076362,0.5585054331521659,-1.3710213287309425,0.7783805393252834,0.34230137296353574,-1.3710213287309425,24,82,268,70,69,202,66.1,24.8,75.3,0.431,0.454,26.1,55.1
Maikel Garcia,672580,112,75.0,89.8,17.333333333333332,93.1,66.8,0.20259078048688503,0.02457810172462545,1.4459802611055002,-0.308281793904032,0.3412168373532447,-0.308281793904032,118,148,18,194,70,42,54.0,20.4,93.1,0.326,0.339,8.8,43.8
Taylor Ward,621493,132,75.0,89.6,13.333333333333334,89.4,71.1,0.13195842356801643,-0.5344330640652818,0.8604237508586008,0.9053930198326025,0.3408355325484845,-0.5344330640652818,128,210,61,56,71,80,53.2,11.0,89.4,0.397,0.38,5.5,38.5
Ryan Jeffers,680777,83,44.0,91.0,18.181818181818183,88.3,67.55,0.6263849220000917,0.14315622780127288,0.6863393829473586,-0.09659432639182816,0.3398215515892238,-0.09659432639182816,69,130,72,156,72,21,57.9,22.8,88.3,0.391,0.385,14.0,42.1
Will Smith,669257,89,59.0,88.7,15.254237288135592,89.1,71.4,-0.18588718256688475,-0.26598137427916835,0.8129461959737152,0.9900680068374872,0.3377864114912873,-0.26598137427916835,174,183,66,51,73,40,62.6,19.8,89.1,0.311,0.344,13.0,36.2
Nick Castellanos,592206,51,31.0,87.8,38.70967741935484,80.0,65.95,-0.503732788701791,3.011981858687895,-0.6272063022010947,-0.5481942570845281,0.3332121276751203,-0.6272063022010947,211,3,224,217,74,95,75.8,43.9,80.0,0.181,0.262,5.6,36.1
Colson Montgomery,695657,115,47.0,89.4,27.659574468085108,75.2,72.05,0.061326066649152855,1.4676991254659473,-1.3868471803592362,1.1735304786813947,0.32892712260931467,-1.3868471803592362,137,17,269,36,75,203,72.3,28.2,75.2,0.356,0.333,15.2,39.4
Jorge Polanco,593871,61,45.0,87.3,26.666666666666668,90.8,66.35,-0.68031368099896,1.3289374885677432,1.0819856736547242,-0.4352942744113551,0.3238288017030381,-0.68031368099896,224,23,41,208,76,101,65.0,32.3,90.8,0.244,0.27,4.4,33.3
Nick Yorke,694377,74,46.0,90.9,8.695652173913043,90.5,70.9,0.5910687435406599,-1.1825619519376385,1.0345081187698408,0.848943028496018,0.32298948471722005,-1.1825619519376385,71,260,47,63,77,175,68.3,26.5,90.5,0.289,0.338,5.9,52.9
Brenton Doyle,686668,84,42.0,90.4,14.285714285714286,89.2,69.45,0.41448785124349086,-0.4013351674486371,0.8287720476020112,0.4396805913057565,0.32040133067565535,-0.4013351674486371,90,196,62,103,78,59,73.9,35.0,89.2,0.254,0.25,4.3,38.3
Edgar Quero,700337,75,41.0,89.8,14.634146341463415,84.4,72.3,0.20259078048688503,-0.3526408150279135,0.06913116944386963,1.2440929678521293,0.2907935256887426,-0.3526408150279135,118,190,143,32,79,49,71.1,26.5,84.4,0.236,0.263,0.0,26.9
Patrick Bailey,672275,74,40.0,90.8,10.0,88.2,70.9,0.5557525650812231,-1.0002757022235382,0.6705135313190649,0.848943028496018,0.2687333556681919,-1.0002757022235382,75,242,74,63,80,146,67.5,25.7,88.2,0.195,0.3,5.7,43.4
Matt Olson,621566,131,64.0,92.1,21.875,81.4,67.2,1.0148628850538615,0.6592886962152498,-0.4056443794049691,-0.19538181123085502,0.2682813476583218,-0.4056443794049691,43,76,202,170,81,62,61.2,26.8,81.4,0.419,0.385,17.6,48.2
Geraldo Perdomo,672695,102,65.0,86.5,16.923076923076923,93.8,69.65,-0.9628431086744293,-0.03275637681792896,1.556761222503563,0.49613058264234494,0.2643230799133874,-0.9628431086744293,249,153,13,93,82,139,59.9,20.6,93.8,0.333,0.312,2.7,26.7
Max Muncy,571970,104,51.0,92.6,23.529411764705884,77.7,67.75,1.1914437773510305,0.8904973585364434,-0.9912008896518706,-0.04014433505523968,0.2626489777950909,-0.9912008896518706,35,53,250,149,83,143,62.6,27.1,77.7,0.431,0.419,18.2,54.5
Tyler Soderstrom,691016,122,67.0,90.0,16.417910447761194,86.5,69.5,0.27322313740575366,-0.103354801888985,0.40147405363805583,0.4537930891399026,0.25628386957368177,-0.103354801888985,105,160,108,100,84,23,69.5,30.5,86.5,0.314,0.333,12.9,48.2
Luke Raley,670042,85,42.0,93.9,28.571428571428573,61.2,72.69999999999999,1.6505540973236739,1.5951332818010326,-3.602466408320484,1.3569929505253024,0.2500534803323813,-3.602466408320484,18,13,296,21,85,296,79.1,33.7,61.2,0.377,0.417,21.3,53.2
Matt Vierling,663837,61,31.0,88.6,19.35483870967742,93.1,65.85,-0.22120336102632154,0.307089120994794,1.4459802611055002,-0.5764192527528244,0.2388616920802871,-0.5764192527528244,177,108,18,221,86,90,59.0,27.3,93.1,0.282,0.305,2.2,41.3
Jorge Soler,624585,108,44.0,88.9,27.272727272727277,79.9,68.94999999999999,-0.11525482564801613,1.413636150051063,-0.6430321538293885,0.29855561296428323,0.2384761958844854,-0.6430321538293885,168,20,227,119,87,97,67.1,29.2,79.9,0.349,0.331,12.9,43.5
Brooks Lee,686797,95,52.0,89.3,19.23076923076923,87.5,68.15,0.026009888189716047,0.2897500649839406,0.5597325699210021,0.0727556476179373,0.237062042678149,0.026009888189716047,144,109,86,141,88,14,69.9,33.6,87.5,0.329,0.274,4.1,35.6
Xander Bogaerts,593428,109,71.0,89.4,18.309859154929576,85.5,69.6,0.061326066649152855,0.16105031121324134,0.2432155373551096,0.4820180848081948,0.23690250000642465,0.061326066649152855,137,129,121,94,89,10,63.6,24.4,85.5,0.352,0.365,6.8,39.8
Otto Lopez,672640,114,69.0,92.7,14.492753623188406,90.1,64.75,1.2267599558104672,-0.3724008420971927,0.9712047122566614,-0.886894205104055,0.2346674052164702,-0.886894205104055,33,195,53,243,90,129,61.8,32.3,90.1,0.369,0.347,10.3,51.7
Manny Machado,592518,110,54.0,88.8,20.37037037037037,81.0,71.80000000000001,-0.15057100410745294,0.44901250537992576,-0.4689477859181485,1.102967989510664,0.2331154262162471,-0.4689477859181485,170,92,207,40,91,70,67.7,24.1,81.0,0.331,0.334,6.7,41.3
Xavier Edwards,669364,121,74.0,89.8,9.45945945945946,92.0,69.55,0.20259078048688503,-1.0758177516546068,1.27189589319426,0.4679055869740487,0.21664362725014677,-1.0758177516546068,118,252,33,98,92,164,60.3,21.2,92.0,0.404,0.371,5.4,42.4
Kyle Karros,691720,99,46.0,89.9,13.043478260869565,89.1,69.25,0.23790695894632186,-0.5749411195573043,0.8129461959737152,0.383230599969168,0.21478565883297518,-0.5749411195573043,112,216,66,109,93,89,60.4,21.9,89.1,0.289,0.358,6.5,37.1
Oneil Cruz,665833,122,57.0,96.8,26.31578947368421,73.0,63.05,2.6747232726472507,1.2799014213931896,-1.7350159161817185,-1.366719131465051,0.2132224115984176,-1.7350159161817185,2,25,280,270,94,243,60.9,34.8,73.0,0.359,0.365,23.2,63.8
Ramón Laureano,657656,110,57.0,89.5,15.789473684210526,81.4,72.6,0.09664224510858464,-0.19118059384340894,-0.4056443794049691,1.3287679548570102,0.2071463066793042,-0.4056443794049691,131,172,202,23,95,62,76.6,31.4,81.4,0.338,0.34,13.9,45.8
Dominic Smith,642086,68,49.0,89.5,24.489795918367346,90.1,63.400000000000006,0.09664224510858464,1.0247137248725553,0.9712047122566614,-1.2679316466260202,0.20615725890294523,-1.2679316466260202,131,42,53,263,96,182,70.4,43.6,90.1,0.41,0.401,8.8,38.6
Elly De La Cruz,682829,126,62.0,95.9,12.903225806451612,80.1,66.65,2.3568776665123496,-0.5945417915695731,-0.611380450572801,-0.35061928740647036,0.20008403424087634,-0.611380450572801,4,218,223,197,97,93,56.9,23.6,80.1,0.394,0.388,16.9,55.8
Jonathan Aranda,666018,120,61.0,91.1,19.672131147540984,84.1,66.95,0.6617011004595235,0.35143162489140223,0.021653614558983954,-0.2659443004015896,0.19221050987708,-0.2659443004015896,63,102,150,185,98,39,62.2,28.3,84.1,0.357,0.36,12.0,42.7
Josh Naylor,647304,113,70.0,87.2,20.0,84.1,71.6,-0.7156298594583917,0.39725221225123064,0.021653614558983954,1.0465179981740718,0.18744849138147365,-0.7156298594583917,226,94,150,43,99,108,80.0,36.8,84.1,0.268,0.314,7.1,37.6
Dillon Dingler,693307,96,55.0,91.6,16.363636363636363,87.5,65.9,0.8382819927566924,-0.11093975664868534,0.5597325699210021,-0.5623067549186742,0.18119201277758368,-0.5623067549186742,53,161,86,220,100,85,65.9,34.1,87.5,0.347,0.437,19.1,54.4
Dylan Beavers,687637,78,42.0,87.5,19.047619047619047,83.2,72.1,-0.6096813240800913,0.26415431563458597,-0.12077905009566631,1.187642976515541,0.18033422949359232,-0.6096813240800913,221,115,170,34,101,92,67.7,23.5,83.2,0.305,0.304,5.6,38.9
Cody Bellinger,641355,116,63.0,88.3,17.46031746031746,85.4,70.65,-0.32715189640462194,0.042324487940178006,0.22738968572681587,0.7783805393252834,0.18023570414691384,-0.32715189640462194,188,146,125,70,102,45,63.1,21.8,85.4,0.331,0.366,7.0,38.4
Pete Alonso,624413,123,57.0,94.6,12.280701754385966,79.9,68.4,1.8977673465397065,-0.6815412655889417,-0.6430321538293885,0.14331813678867192,0.17912801597751205,-0.6815412655889417,10,226,227,131,103,103,62.3,25.5,79.9,0.293,0.319,8.0,56.0
Jesús Sánchez,660821,89,56.0,93.3,14.285714285714286,83.7,66.85,1.438657026567068,-0.4013351674486371,-0.04164979195419319,-0.2941692960698859,0.17537569277358794,-0.4013351674486371,19,196,161,190,104,59,72.4,38.7,83.7,0.333,0.375,10.4,52.2
Jac Caglianone,695506,90,45.0,95.3,15.555555555555555,80.0,65.75,2.1449805957557437,-0.22387130529311108,-0.6272063022010947,-0.6046442484211165,0.17231468496010532,-0.6272063022010947,6,177,224,224,105,95,61.7,30.2,80.0,0.345,0.355,17.0,54.7
Giancarlo Stanton,519317,96,48.0,94.1,25.0,73.6,66.1,1.7211864542425375,1.096016169488615,-1.6400608064119515,-0.5058567635820898,0.1678212634342778,-1.6400608064119515,16,32,277,213,106,230,62.5,30.3,73.6,0.32,0.326,18.0,44.3
Vladimir Guerrero Jr.,665489,115,70.0,93.0,10.0,82.6,69.8,1.3327084911887677,-1.0002757022235382,-0.2157341598654354,0.5384680761447833,0.16379167631114433,-1.0002757022235382,28,242,181,90,107,146,69.3,29.7,82.6,0.381,0.389,13.6,48.9
Kazuma Okamoto,672960,108,50.0,91.8,20.0,78.2,68.75,0.908914349675561,0.39725221225123064,-0.9120716315103975,0.24210562162769875,0.1590501380110232,-0.9120716315103975,50,94,244,122,108,134,63.1,25.6,78.2,0.315,0.331,12.5,51.6
Edouard Julien,666397,84,39.0,90.3,17.94871794871795,81.9,69.55,0.379171672784054,0.11057981953845757,-0.32651512126349597,0.4679055869740487,0.1577854895082661,-0.32651512126349597,95,134,189,98,109,43,60.0,20.9,81.9,0.346,0.359,9.4,43.4
Daylen Lile,695734,127,79.0,87.9,17.72151898734177,86.8,69.7,-0.4684166102423541,0.07882813047216918,0.44895160852293925,0.510243080476491,0.14240155230731133,-0.4684166102423541,206,140,101,92,110,69,74.5,35.1,86.8,0.34,0.357,5.2,38.9
Max Muncy,691777,104,50.0,92.5,24.0,80.2,64.45,1.1561275988915987,0.9562633780411381,-0.595554598944505,-0.9715691921089357,0.13631679646982406,-0.9715691921089357,38,49,222,246,111,141,66.3,37.4,80.2,0.314,0.303,12.3,56.1
Matt McLain,680574,121,56.0,88.2,16.071428571428573,84.5,71.3,-0.36246807486405375,-0.1517766112924283,0.08495702107216335,0.961843011169191,0.1331388365212181,-0.36246807486405375,191,165,139,52,112,50,63.0,20.4,84.5,0.312,0.339,9.7,31.9
Luis Rengifo,650859,85,51.0,87.3,17.647058823529413,86.9,70.30000000000001,-0.68031368099896,0.06842211472775579,0.4647774601512352,0.6795930544862565,0.1331197370915719,-0.68031368099896,224,141,100,79,113,101,68.2,27.6,86.9,0.229,0.285,7.6,37.9
Heriberto Hernández,681715,74,38.0,89.0,15.789473684210526,79.2,73.4,-0.07993864718858434,-0.19118059384340894,-0.7538131152274513,1.5545679202033642,0.1324088909859799,-0.7538131152274513,162,172,234,12,114,116,65.8,19.0,79.2,0.237,0.295,4.1,40.8
Austin Wells,669224,80,36.0,90.8,16.666666666666668,80.4,70.0,0.5557525650812231,-0.06859042590702547,-0.5639028956879153,0.5949180674813718,0.12954432774191352,-0.5639028956879153,75,154,220,84,115,86,66.0,26.0,80.4,0.286,0.332,5.7,43.4
Andy Pages,681624,111,60.0,90.3,16.666666666666668,84.5,68.30000000000001,0.379171672784054,-0.06859042590702547,0.08495702107216335,0.11509314112037967,0.1276578522673929,-0.06859042590702547,95,154,139,136,116,18,69.4,32.8,84.5,0.396,0.361,6.2,54.3
Munetaka Murakami,808959,122,42.0,94.9,19.047619047619047,68.2,70.5,2.0037158819180116,0.26415431563458597,-2.49465679433986,0.7360430458228411,0.12731411225889466,-2.49465679433986,9,115,294,74,117,289,62.3,21.3,68.2,0.407,0.403,22.2,61.9
Josh Jung,673962,100,56.0,91.6,7.142857142857143,93.0,66.5,0.8382819927566924,-1.3995693920734722,1.4301544094772063,-0.39295678090891273,0.11897755731287843,-1.3995693920734722,53,272,22,201,118,204,65.7,32.7,93.0,0.405,0.366,6.5,53.2
Jordan Walker,691023,111,56.0,94.5,16.071428571428573,73.0,69.6,1.8624511680802747,-0.1517766112924283,-1.7350159161817185,0.4820180848081948,0.11441918135358066,-1.7350159161817185,13,165,280,94,119,243,70.3,31.1,73.0,0.395,0.388,20.0,56.9
Willy Adames,642715,117,60.0,88.3,23.33333333333333,84.7,67.15,-0.32715189640462194,0.8630948504094862,0.11660872432875305,-0.20949430906500113,0.11076434231715404,-0.32715189640462194,188,57,135,174,120,45,62.6,28.3,84.7,0.276,0.273,10.7,38.7
Ezequiel Duran,677649,57,34.0,91.6,17.647058823529413,85.3,65.45,0.8382819927566924,0.06842211472775579,0.2115638340985199,-0.6893192354259973,0.10723717653924272,-0.6893192354259973,53,141,127,230,121,105,64.2,33.3,85.3,0.324,0.277,4.5,38.6
Sal Stewart,701398,122,66.0,91.5,12.12121212121212,79.8,71.25,0.8029658142972607,-0.7038303870319208,-0.6588580054576845,0.9477305133350449,0.09700198378567507,-0.7038303870319208,56,229,229,53,122,106,71.2,28.7,79.8,0.42,0.423,21.7,48.8
Freddy Fermin,666023,54,25.0,87.2,16.0,85.5,71.45,-0.7156298594583917,-0.1617589535386769,0.2432155373551096,1.0041805046716334,0.0925018072574186,-0.7156298594583917,226,167,121,47,123,108,75.0,32.1,85.5,0.255,0.279,0.0,38.9
Ian Happ,664023,120,49.0,89.8,28.571428571428573,76.7,66.9,0.20259078048688503,1.5951332818010326,-1.1494594059348169,-0.28005679823573576,0.09205196452934124,-1.1494594059348169,118,13,259,187,124,171,60.6,26.8,76.7,0.36,0.33,14.5,40.6
Kerry Carpenter,681481,89,34.0,93.3,23.529411764705884,74.0,66.45,1.438657026567068,0.8904973585364434,-1.5767573998987723,-0.40706927874305887,0.08633192661542002,-1.5767573998987723,19,53,275,202,125,224,64.0,31.1,74.0,0.366,0.301,10.6,53.2
Danny Jansen,643376,69,33.0,87.1,21.21212121212121,81.9,70.80000000000001,-0.7509460379178285,0.5666495352178691,-0.32651512126349597,0.8207180328277258,0.07747660221606759,-0.7509460379178285,229,81,189,67,126,115,65.7,24.1,81.9,0.267,0.234,4.9,31.7
Josh Smith,669701,92,51.0,88.1,19.607843137254903,87.6,67.1,-0.39778425332349054,0.3424471959973183,0.5755584215492958,-0.22360680689915127,0.07415363933099309,-0.39778425332349054,198,105,85,176,127,56,65.7,31.5,87.6,0.263,0.309,6.3,37.5
Iván Herrera,671056,124,65.0,90.0,12.307692307692308,89.8,67.1,0.27322313740575366,-0.6777692604216683,0.923727157371778,-0.22360680689915127,0.07389355686417803,-0.6777692604216683,105,225,58,176,128,100,60.6,26.4,89.8,0.359,0.395,9.9,46.9
Ozzie Albies,645277,124,76.0,86.3,18.42105263157895,84.9,71.45,-1.0334754655932978,0.176589909965741,0.14826042758534275,1.0041805046716334,0.07388884415735483,-1.0334754655932978,256,125,130,47,129,152,80.8,37.9,84.9,0.37,0.298,3.0,28.7
Jackson Merrill,701538,115,67.0,88.6,17.91044776119403,78.3,72.5,-0.22120336102632154,0.10523145400277126,-0.8962457798821037,1.3005429591887179,0.07208131807076595,-0.8962457798821037,177,136,242,25,130,132,82.9,37.9,78.3,0.281,0.304,11.3,45.0
Nolan Gorman,669357,101,48.0,87.6,25.0,81.3,68.5,-0.5743651456206595,1.096016169488615,-0.4214702310332651,0.17154313245696415,0.06793098132291364,-0.5743651456206595,217,32,204,127,131,88,67.8,30.8,81.3,0.281,0.269,4.7,40.6
Jo Adell,666176,126,76.0,90.1,11.842105263157896,85.6,69.45,0.3085393158651854,-0.7428363495571333,0.25904138898340334,0.4396805913057565,0.06610623664930299,-0.7428363495571333,104,231,118,103,132,113,76.3,37.4,85.6,0.306,0.318,6.2,44.3
Oswald Peraza,672724,84,47.0,88.7,19.148936170212767,82.4,69.3,-0.18588718256688475,0.27831366633848453,-0.24738586312202285,0.3973430978033141,0.060595929613222764,-0.24738586312202285,174,113,184,108,133,37,74.8,36.2,82.4,0.369,0.339,10.3,37.9
Yandy Díaz,650490,120,74.0,90.0,5.405405405405405,88.5,71.0,0.27322313740575366,-1.642383122387621,0.7179910862039484,0.8771680241643103,0.056499781346597805,-1.642383122387621,105,280,70,60,134,232,66.4,24.4,88.5,0.403,0.378,6.5,43.5
Brandon Marsh,669016,96,56.0,91.7,14.285714285714286,88.4,64.45,0.8735981712161293,-0.4013351674486371,0.7021652345756546,-0.9715691921089357,0.050714761558552784,-0.9715691921089357,51,196,71,246,135,141,66.3,37.4,88.4,0.348,0.337,5.6,51.4
Drake Baldwin,686948,134,78.0,91.3,16.666666666666668,84.3,66.05,0.7323334573783921,-0.06859042590702547,0.053305317815573655,-0.5199692614162358,0.049269771967676124,-0.5199692614162358,60,154,147,214,136,77,66.8,34.7,84.3,0.401,0.403,15.1,49.5
Willson Contreras,575929,115,48.0,92.3,22.916666666666668,75.0,66.85,1.08549524197273,0.804864520639705,-1.4184988836158259,-0.2941692960698859,0.04442289573168083,-1.4184988836158259,39,61,270,190,137,207,63.8,30.1,75.0,0.372,0.393,15.4,47.7
Graham Pauley,688363,64,37.0,84.5,24.324324324324323,84.5,70.55,-1.6691666778631054,1.001588607699779,0.08495702107216335,0.7501555436569871,0.041883623641456036,-1.6691666778631054,280,43,139,73,138,235,64.6,23.5,84.5,0.274,0.197,4.5,20.5
Nick Fortes,663743,74,50.0,88.0,18.0,92.5,64.8,-0.43310043178292235,0.11774662935627687,1.3510251513357332,-0.8727817072699089,0.040722410409794685,-0.8727817072699089,202,133,26,242,139,127,67.2,37.6,92.5,0.333,0.317,1.6,45.2
Curtis Mead,678554,64,39.0,88.4,15.384615384615383,93.3,65.1,-0.29183571794518515,-0.247760671352509,1.4776319643620899,-0.7881067202650281,0.03748221369984189,-0.7881067202650281,185,180,16,237,140,121,58.1,27.9,93.3,0.291,0.331,8.7,43.5
Lane Thomas,657041,64,32.0,84.3,21.875,85.2,71.55000000000001,-1.7397990347819738,0.6592886962152498,0.19573798247022617,1.0324055003399295,0.03690828606085789,-1.7397990347819738,284,76,128,44,141,245,65.9,22.8,85.2,0.315,0.318,2.4,35.7
Keibert Ruiz,660688,53,37.0,88.2,18.91891891891892,93.1,63.7,-0.36246807486405375,0.2461681133890935,1.4459802611055002,-1.1832566596211396,0.036605910002350084,-1.1832566596211396,191,119,18,258,142,177,60.4,33.0,93.1,0.248,0.213,4.5,38.6
Bryce Harper,547180,119,66.0,88.8,18.181818181818183,84.0,68.4,-0.15057100410745294,0.14315622780127288,0.005827762930690231,0.14331813678867192,0.03543278085329552,-0.15057100410745294,170,130,154,131,143,30,74.9,38.1,84.0,0.369,0.399,14.3,40.5
Bobby Witt Jr.,677951,125,68.0,92.6,13.235294117647058,81.9,67.2,1.1914437773510305,-0.5481343181287601,-0.32651512126349597,-0.19538181123085502,0.03035313168197984,-0.5481343181287601,35,213,189,170,144,84,67.9,33.5,81.9,0.347,0.383,11.1,52.2
Ernie Clement,676391,113,85.0,86.7,22.352941176470587,93.7,63.4,-0.8922107517555607,0.7260823097747054,1.540935370875269,-1.2679316466260222,0.0267188205670979,-1.2679316466260222,243,65,14,264,145,183,71.8,45.0,93.7,0.325,0.272,0.0,27.1
Ke'Bryan Hayes,663647,76,50.0,90.8,8.0,95.7,64.25,0.5557525650812231,-1.279781285118492,1.8574524034411617,-1.0280191834455241,0.026351124989592134,-1.279781285118492,75,264,5,249,146,184,57.0,28.5,95.7,0.181,0.322,11.7,38.3
Jeremiah Jackson,669236,93,54.0,88.0,22.22222222222222,80.5,69.2,-0.43310043178292235,0.7078139710234014,-0.5480770440596217,0.3691181021350219,0.023938649328969816,-0.5480770440596217,202,66,218,112,147,82,79.9,41.5,80.5,0.327,0.31,8.7,33.3
Yoán Moncada,660162,92,39.0,90.2,20.512820512820515,81.0,67.0,0.34385549432462226,0.4689203104294241,-0.4689477859181485,-0.25183180256744353,0.02299905406711357,-0.4689477859181485,100,89,207,181,148,70,53.0,19.0,81.0,0.321,0.294,8.7,41.3
Jonny DeLuca,676356,59,36.0,87.8,22.22222222222222,84.7,67.05,-0.503732788701791,0.7078139710234014,0.11660872432875305,-0.2377193047332974,0.020742650479266517,-0.503732788701791,211,66,135,179,149,75,68.6,34.5,84.7,0.344,0.31,6.1,32.7
Ramón Urías,602104,59,30.0,90.5,6.666666666666667,82.6,72.5,0.4498040297029226,-1.4661183403817943,-0.2157341598654354,1.3005429591887179,0.017123622161102692,-1.4661183403817943,88,276,181,25,150,212,69.7,24.7,82.6,0.294,0.31,10.0,40.0
Evan Carter,694497,102,49.0,89.5,16.3265306122449,83.3,68.55,0.09664224510858464,-0.11612538898439867,-0.10495319846737258,0.18565563029111026,0.015304821986980913,-0.11612538898439867,131,162,165,124,151,28,57.3,20.2,83.3,0.314,0.325,9.5,41.3
Byron Buxton,621439,115,59.0,88.2,22.033898305084747,81.3,68.44999999999999,-0.36246807486405375,0.681495177907116,-0.4214702310332651,0.157430634622814,0.013746876658152794,-0.4214702310332651,191,72,204,129,152,66,72.1,35.2,81.3,0.325,0.305,15.8,46.1
Masataka Yoshida,807799,56,28.0,89.8,14.285714285714286,92.0,64.2,0.20259078048688503,-0.4013351674486371,1.27189589319426,-1.0421316812796704,0.007754956238209432,-1.0421316812796704,118,196,33,251,153,158,51.0,22.6,92.0,0.34,0.302,0.0,42.5
Ryan McMahon,641857,72,27.0,93.3,14.814814814814817,78.9,66.9,1.438657026567068,-0.3273918915505011,-0.8012906701123347,-0.28005679823573576,0.007479416667124081,-0.8012906701123347,19,187,237,187,154,122,58.1,24.3,78.9,0.266,0.29,9.5,57.1
Tristan Peters,671976,65,28.0,89.3,28.571428571428573,71.9,69.0,0.026009888189716047,1.5951332818010326,-1.9091002840929583,0.3126681107984334,0.006177749174055919,-1.9091002840929583,144,13,284,117,155,255,75.0,37.0,71.9,0.297,0.28,4.3,27.7
Daniel Schneemann,682177,75,37.0,90.4,27.027027027027028,81.0,63.25,0.41448785124349086,1.3792988548551224,-0.4689477859181485,-1.3102691401284627,0.0036424450130004837,-1.3102691401284627,90,22,207,266,156,193,60.6,34.1,81.0,0.425,0.38,13.0,43.5
Alek Thomas,677950,80,47.0,90.6,12.76595744680851,89.2,65.3,0.4851202081623544,-0.6137254280071127,0.8287720476020112,-0.7316567289284397,-0.007872475292796721,-0.7316567289284397,86,221,62,233,157,111,72.7,42.1,89.2,0.287,0.306,8.3,45.0
J.P. Crawford,641487,87,38.0,89.1,7.894736842105263,92.2,67.9,-0.044622468729152556,-1.2944921052708578,1.3035475964508498,0.0021931584472026926,-0.00834345477548945,-1.2944921052708578,157,265,31,146,158,188,54.2,18.4,92.2,0.295,0.365,8.8,38.6
Gary Sánchez,596142,73,29.0,89.1,24.13793103448276,81.5,65.85,-0.044622468729152556,0.9755396251373423,-0.38981852777667536,-0.5764192527528244,-0.008830156030327496,-0.5764192527528244,157,47,200,221,159,90,53.6,21.9,81.5,0.41,0.407,16.3,39.5
Sal Frelick,686217,98,56.0,85.5,10.714285714285714,92.3,70.9,-1.3160048932687674,-0.9004522797610548,1.3193734480791435,0.848943028496018,-0.01203517411366517,-1.3160048932687674,269,239,28,63,160,195,62.9,21.1,92.3,0.262,0.279,1.4,22.9
Cole Young,702284,114,60.0,87.9,25.0,77.4,69.1,-0.4684166102423541,1.096016169488615,-1.038678444536754,0.3408931064667256,-0.017546444705941897,-1.038678444536754,206,32,252,114,161,156,66.5,28.3,77.4,0.33,0.343,7.7,38.5
Mike Yastrzemski,573262,94,49.0,90.8,20.40816326530612,83.5,64.25,0.5557525650812231,0.4542941679440778,-0.07330149521078289,-1.0280191834455241,-0.022818486407751526,-1.0280191834455241,75,91,164,249,162,151,58.7,30.2,83.5,0.241,0.253,3.3,43.3
Riley Greene,682985,120,58.0,89.9,12.06896551724138,83.6,69.25,0.23790695894632186,-0.7111319957804824,-0.05747564358248917,0.383230599969168,-0.03686752011187042,-0.7111319957804824,112,230,163,109,163,107,62.8,24.3,83.6,0.388,0.401,13.5,48.6
Blaze Alexander,677942,65,35.0,92.1,8.571428571428571,70.0,75.85,1.0148628850538615,-1.199922547148505,-2.2097914650305572,2.24608031407656,-0.03719270326216029,-2.2097914650305572,43,262,290,3,164,277,85.5,33.8,70.0,0.206,0.311,2.6,48.7
Alex Freeland,690976,77,38.0,90.3,21.05263157894737,75.8,68.6,0.379171672784054,0.5443604137748908,-1.2918920705894694,0.19976812812525638,-0.042147963976317086,-1.2918920705894694,95,83,264,123,165,186,57.2,20.0,75.8,0.283,0.317,12.8,40.4
Marcelo Mayer,691785,76,43.0,88.0,2.3255813953488373,87.9,73.95,-0.43310043178292235,-2.0727971249599886,0.6230359764341815,1.7098053963789794,-0.04326404598243749,-2.0727971249599886,202,292,79,11,166,270,71.7,23.8,87.9,0.31,0.301,10.3,43.1
James Wood,695578,141,57.0,96.8,7.017543859649122,78.5,65.85,2.6747232726472507,-1.417082273207241,-0.8645940766255141,-0.5764192527528244,-0.04584308248458219,-1.417082273207241,2,275,240,221,167,206,53.1,21.4,78.5,0.41,0.446,29.9,64.2
Luis Arraez,650333,115,78.0,86.2,11.538461538461538,93.6,68.35,-1.0687916440527296,-0.7852714076889583,1.5251095192469732,0.12920563895452178,-0.049936973385048204,-1.0687916440527296,260,233,15,133,168,163,66.5,29.8,93.6,0.32,0.315,0.0,17.1
CJ Abrams,682928,118,65.0,89.5,21.53846153846154,80.8,66.4,0.09664224510858464,0.6122565067858107,-0.5005994891747382,-0.42118177657720496,-0.05322062846438695,-0.5005994891747382,131,79,213,204,169,73,67.9,35.1,80.8,0.388,0.386,12.7,44.3
Isaac Collins,686555,81,34.0,86.9,17.647058823529413,81.6,70.95,-0.8215783948366921,0.06842211472775579,-0.37399267614838166,0.8630555263301641,-0.06602335748178847,-0.8215783948366921,237,141,195,62,170,123,60.9,19.0,81.6,0.317,0.276,7.1,31.0
Rhys Hoskins,656555,81,37.0,90.0,24.324324324324323,70.6,69.85,0.27322313740575366,1.001588607699779,-2.1148363552607905,0.5525805739789295,-0.07186100904408207,-2.1148363552607905,105,43,288,88,171,272,63.0,23.3,70.6,0.313,0.302,8.9,44.4
Carson Benge,701807,85,45.0,91.0,6.666666666666667,81.6,71.15,0.6263849220000917,-1.4661183403817943,-0.37399267614838166,0.9195055176667526,-0.07355514421583292,-1.4661183403817943,69,276,195,54,172,212,68.3,26.0,81.6,0.243,0.292,5.1,42.4
Joc Pederson,592626,75,34.0,93.0,17.647058823529413,74.0,67.45,1.3327084911887677,0.06842211472775579,-1.5767573998987723,-0.1248193220601204,-0.07511152901059233,-1.5767573998987723,28,141,275,162,173,224,59.9,25.0,74.0,0.331,0.317,2.3,54.5
Carlos Narváez,665966,60,34.0,92.9,5.882352941176471,86.3,66.4,1.2973923127293359,-1.5757283728896194,0.36982235038146616,-0.42118177657720496,-0.08242387158900559,-1.5757283728896194,30,279,111,204,174,223,68.8,36.0,86.3,0.286,0.26,9.1,47.7
Wyatt Langford,694671,84,61.0,90.8,9.836065573770492,84.0,68.19999999999999,0.5557525650812231,-1.0231859959034524,0.005827762930690231,0.08686814545207941,-0.09368438060986492,-1.0231859959034524,75,247,154,140,175,148,65.8,29.4,84.0,0.282,0.282,4.9,37.7
Jorbit Vivas,678391,69,39.0,82.0,5.128205128205129,95.3,75.2,-2.5520711393489504,-1.6811226349163744,1.7941489969279822,2.0626178422326524,-0.09410673377617251,-2.5520711393489504,294,284,6,6,176,290,78.2,27.8,95.3,0.34,0.304,2.0,23.5
Luis García Jr.,671277,96,60.0,91.7,10.0,91.7,62.65,0.8735981712161293,-1.0002757022235382,1.2244183383093767,-1.479619114138226,-0.09546957670906453,-1.479619114138226,51,242,37,275,177,214,66.1,40.8,91.7,0.285,0.324,6.4,43.6
Matt Chapman,656305,118,70.0,88.2,14.285714285714286,87.5,67.25,-0.36246807486405375,-0.4013351674486371,0.5597325699210021,-0.1812693133967089,-0.09633499644709942,-0.4013351674486371,191,196,86,169,178,59,60.4,25.9,87.5,0.334,0.293,3.6,34.9
Jose Altuve,514888,120,70.0,85.6,22.857142857142858,85.5,67.35,-1.2806887148093355,0.7965459021011646,0.2432155373551096,-0.15304431772841665,-0.0984928982703695,-1.2806887148093355,268,62,121,167,179,185,64.9,30.2,85.5,0.346,0.33,7.3,37.8
Nolan Schanuel,694384,116,72.0,86.4,12.5,89.0,69.5,-0.9981592871338612,-0.650893723604846,0.7971203443454214,0.4537930891399026,-0.09953489431334578,-0.9981592871338612,253,223,68,100,180,144,61.9,22.9,89.0,0.296,0.296,2.2,29.7
Jacob Young,696285,96,56.0,89.7,10.714285714285714,87.4,67.05000000000001,0.16727460202745326,-0.9004522797610548,0.5439067182927083,-0.23771930473329336,-0.10674756604354665,-0.9004522797610548,125,239,90,178,181,133,61.7,27.6,87.4,0.291,0.321,5.3,34.2
Ildemaro Vargas,545121,82,49.0,87.6,26.53061224489796,90.7,59.9,-0.5743651456206595,1.309923503336794,1.0661598220264306,-2.255806495016307,-0.11352207881843546,-2.255806495016307,217,24,43,289,182,280,60.5,40.7,90.7,0.473,0.388,7.2,37.7
Marcell Ozuna,542303,97,51.0,89.0,15.68627450980392,84.4,67.05,-0.07993864718858434,-0.20560296654180724,0.06913116944386963,-0.2377193047332974,-0.11353243725495482,-0.2377193047332974,162,175,143,179,183,36,61.8,27.7,84.4,0.221,0.304,9.1,39.4
Carlos Correa,621043,112,66.0,89.2,16.666666666666668,84.1,66.4,-0.009306290269715745,-0.06859042590702547,0.021653614558983954,-0.42118177657720496,-0.11935621954874055,-0.42118177657720496,152,154,150,204,184,64,62.0,29.2,84.1,0.354,0.37,10.1,40.5
Jonathan India,663697,58,35.0,85.7,20.0,80.6,71.05,-1.2453725363498986,0.39725221225123064,-0.5322511924313279,0.8912805219984563,-0.1222727486328849,-1.2453725363498986,266,94,217,58,185,180,60.0,17.9,80.6,0.294,0.286,5.7,31.4
Connor Norby,681393,97,48.0,88.2,14.583333333333334,76.1,73.1,-0.36246807486405375,-0.3597420747559357,-1.244414515704586,1.4698929331984794,-0.12418293303152406,-1.244414515704586,191,191,262,15,186,178,70.8,24.6,76.1,0.331,0.308,10.0,38.3
Agustín Ramírez,682663,109,61.0,89.2,9.836065573770492,78.2,73.0,-0.009306290269715745,-1.0231859959034524,-0.9120716315103975,1.441667937530187,-0.12572399503834464,-1.0231859959034524,152,247,244,17,187,148,73.6,27.6,78.2,0.295,0.279,5.1,39.2
Bo Bichette,666182,123,70.0,91.3,7.142857142857143,90.4,64.7,0.7323334573783921,-1.3995693920734722,1.018682267141547,-0.9010067029382011,-0.13739009262293356,-1.3995693920734722,60,272,48,244,188,204,71.2,41.8,90.4,0.257,0.309,3.3,45.6
Tyler Freeman,671289,57,29.0,86.7,13.79310344827586,89.7,67.55000000000001,-0.8922107517555607,-0.4701789070779366,0.9079013057434843,-0.09659432639182415,-0.13777066987045933,-0.8922107517555607,243,204,59,155,189,130,69.4,34.3,89.7,0.305,0.331,0.0,29.5
Caleb Durbin,702332,100,58.0,86.3,15.517241379310343,87.8,68.25,-1.0334754655932978,-0.22922581837539005,0.6072101248058855,0.10098064328622954,-0.1386276289691432,-1.0334754655932978,256,179,81,138,190,152,59.0,22.5,87.8,0.254,0.276,1.3,32.5
Owen Caissie,683357,86,37.0,91.4,18.91891891891892,78.5,65.35,0.7676496358378289,0.2461681133890935,-0.8645940766255141,-0.7175442310942935,-0.14208013962322136,-0.8645940766255141,57,119,240,232,191,126,61.5,30.8,78.5,0.269,0.28,13.3,46.7
Adolis García,666969,112,53.0,92.9,9.433962264150944,82.8,65.75,1.2973923127293359,-1.0793810558730532,-0.1840824566088457,-0.6046442484211165,-0.1426788620434199,-1.0793810558730532,30,254,177,224,192,165,62.3,30.8,82.8,0.307,0.301,8.7,47.8
Amed Rosario,642708,63,38.0,90.9,10.526315789473683,83.8,67.15,0.5910687435406599,-0.9267216014617083,-0.025823940325899467,-0.20949430906500113,-0.14274277682798728,-0.9267216014617083,71,241,159,174,193,136,73.4,39.1,83.8,0.351,0.381,12.5,39.6
Alec Burleson,676475,116,75.0,91.1,14.666666666666666,81.6,66.05,0.6617011004595235,-0.3480960088019795,-0.37399267614838166,-0.5199692614162358,-0.14508921147676837,-0.5199692614162358,63,189,195,214,194,77,67.0,34.9,81.6,0.325,0.365,9.8,45.7
Ryan O'Hearn,656811,109,58.0,90.8,13.79310344827586,86.8,63.75,0.5557525650812231,-0.4701789070779366,0.44895160852293925,-1.1691441617869933,-0.1586547238151919,-1.1691441617869933,75,204,101,256,195,173,58.1,30.6,86.8,0.392,0.394,7.8,49.4
Trea Turner,607208,125,72.0,89.3,15.27777777777778,84.8,66.0,0.026009888189716047,-0.26269152513963206,0.13243457595704677,-0.5340817592503819,-0.15958220506081278,-0.5340817592503819,144,182,134,216,196,79,64.2,32.2,84.8,0.299,0.292,4.4,35.6
Francisco Alvarez,682626,89,44.0,89.1,13.636363636363637,85.4,66.7,-0.044622468729152556,-0.4920837333236222,0.22738968572681587,-0.3365067895723242,-0.1614558264745708,-0.4920837333236222,157,206,125,195,197,72,64.4,31.0,85.4,0.339,0.369,15.5,41.4
Angel Martínez,682657,89,54.0,87.9,18.51851851851852,92.2,61.95,-0.4684166102423541,0.19021103973645015,1.3035475964508498,-1.6771940838162818,-0.16296301446783396,-1.6771940838162818,206,122,31,280,198,239,65.9,42.0,92.2,0.359,0.334,10.0,40.0
Mauricio Dubón,643289,106,62.0,87.0,14.516129032258064,90.8,65.75,-0.7862622163772603,-0.3691340634284813,1.0819856736547242,-0.6046442484211165,-0.16951371364303353,-0.7862622163772603,235,193,41,224,199,120,64.0,32.5,90.8,0.339,0.303,7.5,31.3
Brandon Lowe,664040,106,57.0,87.1,26.31578947368421,76.6,67.69999999999999,-0.7509460379178285,1.2799014213931896,-1.1652852575631127,-0.05425683288938981,-0.17264667674428535,-1.1652852575631127,229,25,260,152,200,172,66.8,31.4,76.6,0.371,0.34,11.6,42.0
Nick Gonzales,693304,95,53.0,87.6,7.547169811320755,82.4,73.1,-0.5743651456206595,-1.343065568038104,-0.24738586312202285,1.4698929331984794,-0.17373091089557674,-1.343065568038104,217,268,184,15,201,199,80.5,34.3,82.4,0.336,0.332,1.4,43.2
Leody Taveras,665750,71,33.0,86.8,24.24242424242424,75.6,69.6,-0.856894573296129,0.9901428426344653,-1.3235437738460591,0.4820180848081948,-0.17706935492488202,-1.3235437738460591,241,45,267,94,202,197,68.9,29.7,75.6,0.38,0.377,6.5,37.0
Kyle Manzardo,700932,88,38.0,89.1,18.42105263157895,75.8,69.4,-0.044622468729152556,0.176589909965741,-1.2918920705894694,0.42556809347161034,-0.18358913397031768,-1.2918920705894694,157,125,264,105,203,186,67.4,28.6,75.8,0.264,0.295,8.2,28.6
Brendan Donovan,680977,71,45.0,83.8,22.22222222222222,87.9,67.35,-1.9163799270791428,0.7078139710234014,0.6230359764341815,-0.15304431772841665,-0.18464357433749412,-1.9163799270791428,289,66,79,167,204,258,58.9,24.2,87.9,0.423,0.339,4.4,26.7
Jorge Barrosa,678489,64,34.0,85.9,23.529411764705884,88.3,63.75,-1.1747401794310302,0.8904973585364434,0.6863393829473586,-1.1691441617869933,-0.19176189993355536,-1.1747401794310302,264,53,72,256,205,174,61.1,33.6,88.3,0.294,0.218,7.7,20.5
Jake Cronenworth,630105,99,50.0,88.3,4.0,88.2,70.35,-0.32715189640462194,-1.8387924509083995,0.6705135313190649,0.6937055523203987,-0.2004313159183895,-1.8387924509083995,188,288,74,76,206,251,65.1,24.4,88.2,0.246,0.31,4.7,32.8
Lenyn Sosa,672820,60,40.0,89.6,25.0,86.8,59.1,0.13195842356801643,1.096016169488615,0.44895160852293925,-2.4816064603626566,-0.20117006469577148,-2.4816064603626566,128,32,101,294,207,288,66.7,48.5,86.8,0.219,0.244,4.0,36.0
Roman Anthony,701350,101,53.0,92.6,9.433962264150944,83.3,64.95,1.1914437773510305,-1.0793810558730532,-0.10495319846737258,-0.8304442137674665,-0.20583367268921546,-1.0793810558730532,35,254,165,239,208,165,52.1,22.2,83.3,0.314,0.351,10.3,48.3
Everson Pereira,677592,65,25.0,87.4,20.0,79.3,68.35,-0.6449975025395231,0.39725221225123064,-0.7379872635991576,0.12920563895452178,-0.21413172873323208,-0.7379872635991576,222,94,232,133,209,112,78.8,42.1,79.3,0.344,0.319,11.6,41.9
Logan O'Hoppe,681351,93,47.0,87.4,19.148936170212767,82.4,66.85,-0.6449975025395231,0.27831366633848453,-0.24738586312202285,-0.2941692960698859,-0.22705974884823682,-0.6449975025395231,222,113,184,190,210,98,65.9,32.2,82.4,0.279,0.294,10.7,41.1
Garrett Mitchell,669003,87,25.0,92.0,16.0,65.0,72.35,0.9795467065944297,-0.1617589535386769,-3.001084046445288,1.2582054656862756,-0.23127270692581492,-3.001084046445288,45,167,295,30,211,294,64.5,19.8,65.0,0.356,0.341,13.9,52.8
Lawrence Butler,671732,95,53.0,90.2,11.320754716981131,76.8,70.19999999999999,0.34385549432462226,-0.8156965437080027,-1.1336335543065232,0.6513680588179562,-0.23852663621798686,-1.1336335543065232,100,237,257,81,212,169,67.6,27.2,76.8,0.247,0.3,4.9,49.2
Luis Robert Jr.,673357,98,54.0,90.2,7.407407407407407,87.2,66.2,0.34385549432462226,-1.362597754124404,0.5122550150361187,-0.47763176791379347,-0.24602975316936412,-1.362597754124404,100,269,93,212,213,200,64.5,32.1,87.2,0.304,0.324,2.9,42.6
Leo Rivas,660844,81,32.0,86.4,15.625,86.0,67.5,-0.9981592871338612,-0.2141662503314807,0.32234479549658274,-0.11070682422597429,-0.25017189154868336,-0.9981592871338612,253,176,114,158,214,144,55.7,20.7,86.0,0.227,0.244,2.1,12.8
Nico Hoerner,663538,131,78.0,86.2,17.94871794871795,98.3,59.7,-1.0687916440527296,0.11057981953845757,2.2689245457768212,-2.312256486352893,-0.250385941272586,-2.312256486352893,260,134,2,290,215,281,52.2,32.8,98.3,0.37,0.348,2.8,27.4
Brayan Rocchio,677587,103,62.0,84.8,17.741935483870968,85.6,68.55,-1.5632181424848048,0.08168139285370223,0.25904138898340334,0.18565563029111026,-0.25920993258914726,-1.5632181424848048,275,139,118,124,216,221,68.8,31.7,85.6,0.341,0.317,2.4,26.5
Austin Riley,663586,124,67.0,90.3,13.432835820895525,77.9,68.05,0.379171672784054,-0.5205273136724978,-0.959549186395281,0.04453065194964105,-0.2640935438335209,-0.959549186395281,95,209,249,143,217,138,66.8,30.7,77.9,0.294,0.31,8.2,43.5
Brent Rooker,667670,54,26.0,89.3,19.23076923076923,70.9,70.35,0.026009888189716047,0.2897500649839406,-2.0673588003759047,0.6937055523203987,-0.2644733237204623,-2.0673588003759047,144,109,287,76,218,269,71.4,30.7,70.9,0.235,0.302,17.9,42.9
Samuel Basallo,694212,83,43.0,92.3,4.651162790697675,79.3,69.1,1.08549524197273,-1.7477906332216702,-0.7379872635991576,0.3408931064667256,-0.26484738709534306,-1.7477906332216702,39,286,232,114,219,247,73.0,34.8,79.3,0.341,0.348,11.1,46.3
Christian Yelich,592885,56,37.0,89.4,2.702702702702702,83.0,71.55000000000001,0.061326066649152855,-2.020093369542964,-0.152430753352256,1.0324055003399295,-0.26969813897653444,-2.020093369542964,137,291,171,44,220,264,70.4,27.3,83.0,0.355,0.282,5.4,40.5
Teoscar Hernández,606192,101,48.0,90.0,16.666666666666668,74.6,68.5,0.27322313740575366,-0.06859042590702547,-1.4818022901290053,0.17154313245696415,-0.2764066115433283,-1.4818022901290053,105,154,273,127,221,215,65.6,28.6,74.6,0.324,0.325,12.5,40.6
Matt Wallner,670242,101,38.0,89.3,15.789473684210526,70.3,72.1,0.026009888189716047,-0.19118059384340894,-2.1623139101456736,1.187642976515541,-0.28496040982095644,-2.1623139101456736,144,172,289,34,222,274,74.2,30.0,70.3,0.264,0.292,9.3,44.4
Jake Burger,669394,117,60.0,88.6,23.33333333333333,82.9,62.15,-0.22120336102632154,0.8630948504094862,-0.16825660498054973,-1.6207440924796954,-0.2867773020192701,-1.6207440924796954,177,57,173,279,223,228,64.1,39.8,82.9,0.29,0.283,10.1,46.8
Jazz Chisholm Jr.,665862,109,44.0,88.6,20.454545454545453,77.3,66.6,-0.22120336102632154,0.4607762083637199,-1.05450429616505,-0.3647317852406205,-0.294915808517068,-1.05450429616505,177,90,255,198,224,162,60.6,27.4,77.3,0.299,0.268,5.9,39.7
Luke Keaschall,807712,114,74.0,84.5,9.45945945945946,93.1,68.25,-1.6691666778631054,-1.0758177516546068,1.4459802611055002,0.10098064328622954,-0.29950588128149563,-1.6691666778631054,280,252,18,138,225,235,61.2,24.7,93.1,0.252,0.276,3.2,24.7
Chase Meidroth,805367,116,60.0,88.4,18.33333333333333,85.8,62.849999999999994,-0.29183571794518515,0.16433089317210184,0.290693092239993,-1.4231691228016397,-0.3149952138336825,-1.4231691228016397,185,128,116,273,226,209,49.4,23.7,85.8,0.313,0.305,5.0,37.5
Ezequiel Tovar,678662,110,59.0,87.8,22.033898305084747,76.1,67.2,-0.503732788701791,0.681495177907116,-1.244414515704586,-0.19538181123085502,-0.315508484432529,-1.244414515704586,211,72,262,170,227,178,82.4,48.0,76.1,0.243,0.283,8.3,37.5
Coby Mayo,691723,77,36.0,88.5,19.444444444444443,81.9,64.2,-0.25651953948575335,0.3196117725581877,-0.32651512126349597,-1.0421316812796704,-0.326388642367683,-1.0421316812796704,183,106,189,251,228,158,57.6,29.2,81.9,0.286,0.315,8.3,39.6
Luisangel Acuña,682668,75,53.0,88.1,0.0,89.2,69.95,-0.39778425332349054,-2.3978036166983068,0.8287720476020112,0.5808055696472257,-0.3465025631931401,-2.3978036166983068,198,295,62,85,229,285,70.9,31.0,89.2,0.209,0.269,3.4,37.3
Cal Raleigh,663728,128,62.0,86.6,24.193548387096776,75.0,67.8,-0.9275269302149975,0.9833123054180694,-1.4184988836158259,-0.02603183722109356,-0.34718633640846186,-1.4184988836158259,248,46,270,148,230,207,70.8,35.2,75.0,0.313,0.334,13.8,30.0
Brett Baty,683146,88,46.0,91.1,10.869565217391305,80.9,65.15,0.6617011004595235,-0.8787515357474712,-0.4847736375464422,-0.773994222430878,-0.368954573816317,-0.8787515357474712,63,238,212,235,231,128,62.1,31.8,80.9,0.255,0.276,8.6,39.7
TJ Friedl,670770,111,64.0,86.4,7.8125,94.0,65.05000000000001,-0.9981592871338612,-1.3059849335148939,1.5884129257601527,-0.8022192180991703,-0.3794876282469432,-1.3059849335148939,253,267,11,238,232,191,57.7,27.6,94.0,0.254,0.249,2.7,26.7
Pete Crow-Armstrong,691718,115,60.0,90.9,15.0,80.8,63.2,0.5910687435406599,-0.30151174498615374,-0.5005994891747382,-1.3243816379626088,-0.3838560321457102,-1.3243816379626088,71,184,213,269,233,198,72.3,45.9,80.8,0.281,0.27,5.4,47.3
Joey Wiemer,686894,58,26.0,90.6,11.538461538461538,81.0,65.15,0.4851202081623544,-0.7852714076889583,-0.4689477859181485,-0.773994222430878,-0.3857733019689076,-0.7852714076889583,86,233,207,235,234,117,59.2,28.9,81.0,0.432,0.315,10.3,41.4
Rafael Devers,646240,117,57.0,89.9,14.035087719298245,68.6,71.45,0.23790695894632186,-0.4363609297161754,-2.431353387826683,1.0041805046716334,-0.40640671348122576,-2.431353387826683,112,201,293,47,235,287,74.5,31.6,68.6,0.25,0.269,8.0,44.0
Jose Fernandez,699912,78,45.0,89.9,15.555555555555555,84.5,61.75,0.23790695894632186,-0.22387130529311108,0.08495702107216335,-1.7336440751528703,-0.40866285010687403,-1.7336440751528703,112,177,139,281,236,242,57.9,34.4,84.5,0.378,0.308,6.9,46.6
José Tena,677588,50,28.0,89.8,17.857142857142858,73.5,66.9,0.20259078048688503,0.09778194486378024,-1.6558866580402454,-0.28005679823573576,-0.40889268273132895,-1.6558866580402454,118,138,279,187,237,234,68.0,34.2,73.5,0.309,0.272,3.1,40.6
Jarren Duran,680776,98,46.0,90.7,8.695652173913043,78.3,67.4,0.5204363866217913,-1.1825619519376385,-0.8962457798821037,-0.13893181989426653,-0.42432579127305436,-1.1825619519376385,83,260,242,164,238,175,68.5,33.7,78.3,0.234,0.28,10.1,43.5
Andrés Giménez,665926,100,68.0,87.1,13.235294117647058,89.7,63.25,-0.7509460379178285,-0.5481343181287601,0.9079013057434843,-1.3102691401284627,-0.42536204760789176,-1.3102691401284627,229,213,59,266,239,193,71.2,44.7,89.7,0.34,0.27,3.8,28.7
Eugenio Suárez,553993,100,55.0,84.8,25.454545454545453,76.5,67.44999999999999,-1.5632181424848048,1.1595401656011044,-1.1811111091914066,-0.12481932206012442,-0.42740210203380785,-1.5632181424848048,275,29,261,163,240,221,63.3,28.4,76.5,0.3,0.276,8.2,20.0
Yainer Diaz,673237,84,58.0,87.9,5.172413793103448,89.0,66.6,-0.4684166102423541,-1.6749443505906678,0.7971203443454214,-0.3647317852406205,-0.4277431004320552,-1.6749443505906678,206,283,68,198,241,238,75.8,42.6,89.0,0.249,0.262,4.4,27.9
Denzel Clarke,672016,60,32.0,91.9,6.25,77.5,67.5,0.9442305281349979,-1.5243486701515765,-1.0228525929084604,-0.11070682422597429,-0.42841938978775335,-1.5243486701515765,48,278,251,158,242,220,64.0,29.0,77.5,0.199,0.193,3.1,46.9
Mark Vientos,668901,75,43.0,88.5,9.30232558139535,78.0,69.85,-0.25651953948575335,-1.0977776497450336,-0.9437233347669872,0.5525805739789295,-0.43635998750471117,-1.0977776497450336,183,257,247,88,243,167,73.5,33.8,78.0,0.284,0.278,3.7,40.7
Michael Busch,683737,117,60.0,85.1,15.0,85.6,67.0,-1.4572696071065045,-0.30151174498615374,0.25904138898340334,-0.25183180256744353,-0.4378929414191746,-1.4572696071065045,272,184,118,181,244,210,63.2,29.2,85.6,0.27,0.278,8.6,33.3
Cam Smith,701358,115,61.0,89.4,9.836065573770492,82.8,65.69999999999999,0.061326066649152855,-1.0231859959034524,-0.1840824566088457,-0.6187567462552667,-0.441174783029603,-1.0231859959034524,137,247,177,227,245,148,62.8,31.4,82.8,0.307,0.349,14.5,44.9
Christian Vázquez,543877,51,26.0,86.1,19.23076923076923,87.3,62.5,-1.1041078225121665,0.2897500649839406,0.5280808666644123,-1.5219566076406665,-0.45205837462612003,-1.5219566076406665,262,109,92,277,246,218,55.6,30.6,87.3,0.4,0.277,2.6,26.3
Ceddanne Rafaela,678882,97,48.0,89.3,14.583333333333334,79.0,65.45,0.026009888189716047,-0.3597420747559357,-0.7854648184840409,-0.6893192354259973,-0.4521290601190645,-0.7854648184840409,144,191,235,230,247,118,64.7,33.8,79.0,0.335,0.304,7.2,42.0
Pedro Pagés,686780,59,35.0,86.7,17.142857142857142,83.8,64.5,-0.8922107517555607,-0.002041477598703382,-0.025823940325899467,-0.9574566942747896,-0.46938321598873833,-0.9574566942747896,243,150,159,245,248,137,69.0,40.0,83.8,0.336,0.319,8.9,35.6
Troy Johnston,687859,98,52.0,89.4,15.384615384615383,86.0,60.75,0.061326066649152855,-0.247760671352509,0.32234479549658274,-2.015894031835809,-0.4699959602606456,-2.015894031835809,137,180,114,285,249,263,58.5,37.0,86.0,0.367,0.329,2.9,40.0
Bryson Stott,681082,82,52.0,90.2,11.538461538461538,92.3,58.05,0.34385549432462226,-0.7852714076889583,1.3193734480791435,-2.7779689148797435,-0.475002845041234,-2.7779689148797435,100,233,28,296,250,293,49.4,33.3,92.3,0.248,0.305,4.7,46.9
Corbin Carroll,682998,105,50.0,89.9,20.0,75.7,63.5,0.23790695894632186,0.39725221225123064,-1.307717922217763,-1.2397066509577281,-0.47806635049448465,-1.307717922217763,112,94,266,261,251,192,60.5,33.5,75.7,0.412,0.374,11.5,37.7
Willi Castro,650489,76,38.0,88.0,13.157894736842104,76.9,68.3,-0.43310043178292235,-0.5589510976525587,-1.1178077026782272,0.11509314112037566,-0.49869152274833306,-1.1178077026782272,202,215,256,137,252,168,72.5,35.9,76.9,0.303,0.285,7.1,40.5
Masyn Winn,691026,95,50.0,85.7,16.0,83.7,65.95,-1.2453725363498986,-0.1617589535386769,-0.04164979195419319,-0.5481942570845281,-0.49924388473182424,-1.2453725363498986,266,167,161,217,253,180,58.9,27.0,83.7,0.318,0.293,3.0,26.9
Alec Bohm,664761,110,62.0,88.6,1.6129032258064515,86.1,67.94999999999999,-0.22120336102632154,-2.172395888557215,0.33817064712487643,0.0163056562813448,-0.509780736544329,-2.172395888557215,177,294,112,145,254,276,60.8,24.9,86.1,0.197,0.271,1.2,38.3
Kyle Isbel,664728,76,42.0,87.6,9.523809523809524,90.9,62.5,-0.5743651456206595,-1.0668246505318604,1.0978115252830203,-1.5219566076406665,-0.5163337196275415,-1.5219566076406665,217,251,39,277,255,218,59.7,34.7,90.9,0.362,0.31,5.8,32.7
Trevor Larnach,663616,69,27.0,86.8,22.22222222222222,86.4,59.6,-0.856894573296129,0.7078139710234014,0.38564820200976213,-2.3404814820211874,-0.5259784705710382,-2.3404814820211874,241,66,109,292,256,283,45.5,26.3,86.4,0.372,0.365,9.1,34.1
Gavin Sheets,657757,87,50.0,88.7,14.0,88.0,60.3,-0.18588718256688475,-0.4412645364336306,0.6388618280624752,-2.142906512343132,-0.532799100820293,-2.142906512343132,174,202,78,288,257,273,57.5,36.9,88.0,0.329,0.323,10.9,45.3
Adam Frazier,624428,54,25.0,84.0,16.0,83.3,67.80000000000001,-1.8457475701602744,-0.1617589535386769,-0.10495319846737258,-0.026031837221089548,-0.5346228898468532,-1.8457475701602744,286,167,165,147,258,252,70.9,35.3,83.3,0.365,0.26,3.1,21.9
Jacob Wilson,805779,117,83.0,85.5,13.25301204819277,90.3,63.25,-1.3160048932687674,-0.5456581878763243,1.002856415513251,-1.3102691401284627,-0.5422689514400758,-1.3160048932687674,269,212,49,266,259,195,72.1,45.6,90.3,0.292,0.262,1.9,35.0
Julio Rodríguez,677594,126,64.0,87.7,12.5,82.9,64.9,-0.5390489671612227,-0.650893723604846,-0.16825660498054973,-0.8445567116016126,-0.5506890018370577,-0.8445567116016126,214,223,173,240,260,125,66.9,37.1,82.9,0.295,0.317,5.8,38.4
Ben Williamson,810938,82,45.0,87.1,13.333333333333334,89.9,61.3,-0.7509460379178285,-0.5344330640652818,0.939553009000074,-1.8606565556601935,-0.5516206621608074,-1.8606565556601935,229,210,57,283,261,253,50.6,28.0,89.9,0.299,0.28,0.0,32.2
Victor Scott II,687363,79,45.0,86.5,2.2222222222222223,82.7,71.55,-0.9628431086744293,-2.087241857926136,-0.19990830823713943,1.0324055003399255,-0.5543969436244449,-2.087241857926136,249,293,180,46,262,271,65.8,22.7,82.7,0.211,0.241,0.0,22.2
Harrison Bader,664056,55,35.0,87.1,22.857142857142858,72.5,66.3,-0.7509460379178285,0.7965459021011646,-1.8141451743231916,-0.44940677224550124,-0.5544880205963392,-1.8141451743231916,229,62,282,209,263,250,71.1,38.5,72.5,0.152,0.261,8.3,38.9
Konnor Griffin,804606,84,38.0,86.9,18.42105263157895,83.3,62.55,-0.8215783948366921,0.176589909965741,-0.10495319846737258,-1.5078441098065203,-0.564446448286211,-1.5078441098065203,237,125,165,276,264,216,65.0,39.9,83.3,0.261,0.276,9.1,29.1
Chandler Simpson,802415,116,85.0,83.4,7.0588235294117645,94.3,66.3,-2.057644640916875,-1.411313324127882,1.635890480645036,-0.44940677224550124,-0.5706185641613054,-2.057644640916875,291,274,10,209,265,266,63.9,31.3,94.3,0.311,0.279,0.0,13.5
Drew Millas,686452,53,27.0,79.2,18.51851851851852,94.6,65.65,-3.5409241362130954,0.19021103973645015,1.6833680355299194,-0.6328692440894088,-0.5750535762590336,-3.5409241362130954,296,122,8,228,266,295,60.9,29.6,94.6,0.194,0.24,2.9,20.0
Trevor Story,596115,119,61.0,89.3,19.672131147540984,79.7,60.7,0.026009888189716047,0.35143162489140223,-0.6746838570859781,-2.0300065296699548,-0.5818122184187037,-2.0300065296699548,144,102,230,286,267,265,66.3,44.9,79.7,0.23,0.251,3.8,43.0
Matt Shaw,807713,70,46.0,87.0,13.043478260869565,86.4,63.05,-0.7862622163772603,-0.5749411195573043,0.38564820200976213,-1.366719131465051,-0.5855685663474635,-1.366719131465051,235,216,109,270,268,201,63.8,37.7,86.4,0.351,0.325,7.4,31.5
Spencer Horwitz,687462,86,43.0,85.9,11.627906976744184,93.9,60.8,-1.1747401794310302,-0.7727711580067157,1.5725870741318588,-2.0017815340016627,-0.5941764493268874,-2.0017815340016627,264,232,12,284,269,262,50.0,28.4,93.9,0.335,0.302,1.6,27.9
Thomas Saggese,695336,54,31.0,89.5,9.67741935483871,70.0,70.4,0.09664224510858464,-1.0453572478517565,-2.2097914650305572,0.7078180501545488,-0.6126721044047951,-2.2097914650305572,131,250,290,75,270,277,75.5,34.7,70.0,0.205,0.215,2.9,35.3
Josh Lowe,666139,77,43.0,86.3,13.953488372093023,78.6,67.4,-1.0334754655932978,-0.447764666268397,-0.8487682249972204,-0.13893181989426653,-0.6172350441882954,-1.0334754655932978,256,203,239,164,271,152,69.6,34.8,78.6,0.262,0.244,6.1,26.5
Justin Crawford,702222,87,47.0,89.0,4.25531914893617,87.8,63.6,-0.07993864718858434,-1.8031108871345756,0.6072101248058855,-1.2114816552894339,-0.621830266201677,-1.8031108871345756,162,287,81,260,272,249,62.8,35.6,87.8,0.301,0.288,1.6,37.7
J.T. Realmuto,592663,61,39.0,88.4,12.82051282051282,82.1,63.3,-0.29183571794518515,-0.6061011622434753,-0.2948634180069085,-1.2961566422943165,-0.6222392351224714,-1.2961566422943165,185,219,188,265,273,189,60.4,33.8,82.1,0.321,0.3,2.3,39.5
Salvador Perez,521692,113,66.0,87.7,13.636363636363637,81.0,64.2,-0.5390489671612227,-0.4920837333236222,-0.4689477859181485,-1.0421316812796704,-0.635553041920666,-1.0421316812796704,214,206,207,251,274,158,74.5,46.1,81.0,0.239,0.274,9.6,39.8
David Hamilton,666152,80,37.0,85.2,5.405405405405405,92.6,64.85,-1.4219534286470676,-1.642383122387621,1.366851002964027,-0.8586692094357627,-0.6390386893766061,-1.642383122387621,271,280,23,241,275,232,62.3,32.6,92.6,0.295,0.295,3.8,26.4
José Caballero,676609,102,50.0,83.7,22.0,74.8,68.35,-1.9516961055385746,0.6767577951461844,-1.4501505868724156,0.12920563895452178,-0.648970814577571,-1.9516961055385746,290,75,272,133,276,259,68.2,31.5,74.8,0.328,0.259,2.7,29.3
Joey Ortiz,687401,70,40.0,87.1,10.0,92.6,59.650000000000006,-0.7509460379178285,-1.0002757022235382,1.366851002964027,-2.3263689841870394,-0.6776849303410948,-2.3263689841870394,229,242,23,291,277,282,51.9,32.6,92.6,0.219,0.254,4.2,35.4
Joey Loperfido,694388,66,40.0,90.0,10.0,71.6,67.75,0.27322313740575366,-1.0002757022235382,-1.956577838977844,-0.04014433505523968,-0.6809436847127172,-1.956577838977844,105,242,286,149,278,260,66.7,31.2,71.6,0.323,0.28,5.0,40.0
Javier Sanoja,691594,62,44.0,87.9,15.909090909090908,88.1,58.2,-0.4684166102423541,-0.1744637527611749,0.6546876796907689,-2.7356314213773008,-0.6809560261725152,-2.7356314213773008,206,171,76,295,279,292,55.1,38.7,88.1,0.341,0.273,1.9,34.0
Taylor Walls,670764,61,33.0,83.1,9.090909090909092,87.0,67.95,-2.1635931762951803,-1.127323694448517,0.480603311779529,0.01630565628134881,-0.6985019756707048,-2.1635931762951803,293,258,99,144,280,275,59.7,23.8,87.0,0.245,0.232,0.0,19.5
Nasim Nuñez,683083,99,55.0,84.5,7.272727272727272,82.5,69.6,-1.6691666778631054,-1.3814196788984752,-0.23156001149372912,0.4820180848081948,-0.7000320708617787,-1.6691666778631054,280,271,183,94,281,235,67.8,28.6,82.5,0.25,0.27,0.0,17.9
Juan Brito,682877,56,28.0,84.3,21.428571428571427,80.0,64.2,-1.7397990347819738,0.5968990571761974,-0.6272063022010947,-1.0421316812796704,-0.7030594902716354,-1.7397990347819738,284,80,224,251,282,245,63.6,35.2,80.0,0.236,0.257,2.9,32.4
Gleyber Torres,650402,123,68.0,84.0,2.9411764705882355,81.6,72.8,-1.8457475701602744,-1.986765994793963,-0.37399267614838166,1.3852179461935987,-0.7053220737272552,-1.986765994793963,286,290,195,20,283,261,62.5,16.9,81.6,0.335,0.343,6.3,26.3
Jake McCarthy,664983,61,34.0,84.4,8.823529411764707,78.9,70.69999999999999,-1.7044828563225372,-1.1646907509852755,-0.8012906701123347,0.7924930371594255,-0.7194928100651805,-1.7044828563225372,283,259,237,69,284,240,73.1,31.7,78.9,0.324,0.31,4.4,22.2
Randy Arozarena,668227,122,66.0,89.6,13.636363636363637,76.8,62.7,0.13195842356801643,-0.4920837333236222,-1.1336335543065232,-1.465506616304078,-0.7398163700915518,-1.465506616304078,128,206,257,274,285,211,58.7,33.3,76.8,0.355,0.338,7.2,37.3
Brady House,691781,110,58.0,89.7,3.4482758620689653,72.5,69.95,0.16727460202745326,-1.9158974392932144,-1.8141451743231916,0.5808055696472257,-0.7454906104854319,-1.9158974392932144,125,289,282,85,286,257,71.0,31.1,72.5,0.294,0.3,11.9,43.3
Steven Kwan,680757,117,81.0,81.9,7.407407407407407,97.5,63.5,-2.587387317808382,-1.362597754124404,2.1423177327504646,-1.2397066509577281,-0.7618434975350123,-2.587387317808382,295,269,3,261,287,291,50.4,23.4,97.5,0.269,0.284,1.1,8.6
Nolan Arenado,571448,96,57.0,83.4,21.05263157894737,83.0,62.9,-2.057644640916875,0.5443604137748908,-0.152430753352256,-1.4090566249674914,-0.7686929013654329,-2.057644640916875,291,83,171,272,288,266,58.5,32.7,83.0,0.33,0.302,6.8,24.7
Nathan Church,701675,74,34.0,86.7,17.647058823529413,84.0,59.5,-0.8922107517555607,0.06842211472775579,0.005827762930690231,-2.3687064776894817,-0.796666837946649,-2.3687064776894817,243,141,154,293,289,284,62.8,43.8,84.0,0.334,0.307,11.1,37.0
Javier Báez,595879,80,47.0,85.1,17.02127659574468,84.3,61.6,-1.4572696071065045,-0.019032698443381395,0.053305317815573655,-1.7759815686553106,-0.7997446390974057,-1.7759815686553106,272,152,147,282,290,248,73.5,50.3,84.3,0.305,0.297,3.3,29.5
Jordan Beck,687597,57,37.0,84.7,8.108108108108109,82.9,67.0,-1.5985343209442366,-1.264672875232278,-0.16825660498054973,-0.25183180256744353,-0.8208239009311269,-1.5985343209442366,277,263,173,181,291,226,74.5,40.5,82.9,0.21,0.246,2.4,29.3
Nathan Lukes,664770,56,39.0,86.9,12.82051282051282,84.0,60.6,-0.8215783948366921,-0.6061011622434753,0.005827762930690231,-2.058231525338249,-0.8700208298719316,-2.058231525338249,237,219,154,287,292,268,65.2,44.0,84.0,0.275,0.282,0.0,37.0
Miguel Amaya,665804,55,26.0,84.6,11.538461538461538,77.4,66.6,-1.6338504994036736,-0.7852714076889583,-1.038678444536754,-0.3647317852406205,-0.9556330342175016,-1.6338504994036736,279,233,252,198,293,229,59.0,25.8,77.4,0.334,0.296,5.9,20.6
Colton Cowser,681297,63,32.0,86.5,9.375,70.0,66.85,-0.9628431086744293,-1.0876211968782112,-2.2097914650305572,-0.2941692960698859,-1.138606266663271,-2.2097914650305572,249,256,290,190,294,277,62.0,28.3,70.0,0.241,0.277,10.8,43.2
Jake Mangum,663968,65,38.0,83.9,5.2631578947368425,78.0,64.35,-1.8810637486197062,-1.6622626090800074,-0.9437233347669872,-0.999794187777232,-1.371710970060983,-1.8810637486197062,288,282,247,248,295,254,79.1,50.4,78.0,0.287,0.274,0.0,31.3
Brandon Lockridge,663604,76,40.0,85.1,0.0,79.6,63.7,-1.4572696071065045,-2.3978036166983068,-0.6905097087142741,-1.1832566596211396,-1.4322098980350564,-2.3978036166983068,272,295,231,258,296,285,57.6,30.2,79.6,0.307,0.267,2.1,31.9
