"last_name, first_name",player_id,year,b_total_pa,b_ab,b_total_hits,b_home_run,b_rbi,b_k_percent,b_bb_percent,batting_avg,on_base_percent,slg_percent,on_base_plus_slg,isolated_power,xba,xslg,xwoba,xobp,woba,exit_velocity_avg,launch_angle_avg,sweet_spot_percent,barrel_batted_rate,hard_hit_percent,z_swing_percent,oz_swing_percent,whiff_percent,swing_percent,meatball_swing_percent,iz_contact_percent,oz_contact_percent,pull_percent,straightaway_percent,opposite_percent,groundballs_percent,flyballs_percent,linedrives_percent,popups_percent,babip,player
"France, Ty",664034,2026,36,,,,3,,,0.297,0.35,0.649,0.999,0.352,0.349,0.716,0.471,0.399,0.426,90.8,3.6,36.4,18.2,51.5,74.7,27.6,20.8,54.1,69.2,82.1,68.8,42.4,33.3,24.2,51.5,21.2,24.2,3.0,0.267,Ty France
"Nuñez, Nasim",683083,2026,99,,,,10,,,0.2,0.299,0.212,0.511,0.012,0.212,0.265,0.27,0.309,0.25,84.5,6.2,32.8,0.0,17.9,67.8,28.6,23.0,48.0,82.8,82.5,64.4,28.4,47.8,23.9,53.7,17.9,25.4,3.0,0.262,Nasim Nuñez
"Jiménez, Eloy",650391,2026,29,,,,3,,,0.321,0.375,0.321,0.696,0.0,0.218,0.291,0.264,0.289,0.32,88.2,5.9,30.4,4.3,39.1,71.1,37.8,28.3,50.4,100.0,84.4,57.1,52.2,21.7,26.1,47.8,21.7,21.7,8.7,0.391,Eloy Jiménez
"Williams, Carson",700246,2026,25,,,,3,,,0.13,0.167,0.174,0.341,0.044,0.178,0.201,0.19,0.213,0.158,83.5,18.0,20.0,0.0,20.0,66.0,35.6,34.0,51.1,88.9,74.2,50.0,20.0,33.3,46.7,46.7,26.7,13.3,13.3,0.214,Carson Williams
"Judge, Aaron",592450,2026,123,,,,18,,,0.252,0.389,0.621,1.01,0.369,0.28,0.677,0.454,0.412,0.431,93.2,14.9,37.7,26.1,55.1,66.1,24.8,33.1,43.0,67.4,75.3,49.4,49.3,29.0,21.7,37.7,31.9,20.3,10.1,0.259,Aaron Judge
"Tucker, Kyle",663656,2026,120,,,,13,,,0.236,0.32,0.364,0.684,0.128,0.233,0.376,0.311,0.319,0.31,89.0,15.3,35.7,7.1,40.5,75.5,24.7,23.0,51.5,84.2,84.0,52.7,44.0,36.9,19.0,36.9,32.1,23.8,7.1,0.284,Kyle Tucker
"Rocchio, Brayan",677587,2026,103,,,,17,,,0.269,0.352,0.398,0.75,0.129,0.256,0.361,0.317,0.342,0.341,84.8,10.6,26.5,2.4,26.5,68.8,31.7,22.5,48.0,75.9,85.6,63.6,38.6,37.3,24.1,48.2,19.3,21.7,10.8,0.278,Brayan Rocchio
"Hill, Derek",656537,2026,40,,,,1,,,0.235,0.333,0.324,0.657,0.089,0.258,0.332,0.316,0.356,0.306,87.2,10.9,36.4,4.5,31.8,70.1,32.5,27.4,49.7,84.6,83.0,53.8,59.1,18.2,22.7,54.5,13.6,27.3,4.5,0.35,Derek Hill
"Arias, Gabriel",672356,2026,32,,,,4,,,0.2,0.25,0.433,0.683,0.233,0.209,0.414,0.293,0.26,0.298,94.6,4.9,22.2,16.7,50.0,62.3,28.4,40.4,44.5,77.8,73.7,31.6,50.0,22.2,27.8,61.1,16.7,16.7,5.6,0.25,Gabriel Arias
"Wilson, Will",669717,2026,2,,,,2,,,0.5,0.5,2.0,2.5,1.5,0.477,1.813,0.943,0.477,1.037,94.0,2.0,50.0,50.0,50.0,75.0,33.3,25.0,57.1,100.0,100.0,0.0,50.0,50.0,0.0,50.0,50.0,0.0,0.0,0.0,Will Wilson
"Thomas, Colby",687515,2026,4,,,,1,,,0.25,0.25,0.25,0.5,0.0,0.222,0.283,0.219,0.222,0.226,107.8,10.0,100.0,0.0,100.0,75.0,54.5,41.7,63.2,50.0,83.3,33.3,0.0,100.0,0.0,0.0,0.0,100.0,0.0,1.0,Colby Thomas
"Mauricio, Ronny",677595,2026,14,,,,1,,,0.286,0.286,0.286,0.572,0.0,0.175,0.219,0.17,0.175,0.258,81.4,6.1,22.2,0.0,11.1,81.0,69.2,28.6,74.5,66.7,94.1,50.0,55.6,44.4,0.0,55.6,11.1,22.2,11.1,0.444,Ronny Mauricio
"Lile, Daylen",695734,2026,127,,,,14,,,0.278,0.346,0.417,0.763,0.139,0.302,0.453,0.357,0.369,0.34,87.9,16.3,41.7,5.2,38.9,74.5,35.1,22.6,54.7,84.0,86.8,57.5,39.6,33.3,27.1,35.4,33.3,28.1,3.1,0.312,Daylen Lile
"McLain, Matt",680574,2026,121,,,,9,,,0.208,0.339,0.327,0.666,0.119,0.231,0.39,0.339,0.359,0.312,88.2,24.1,33.3,9.7,31.9,63.0,20.4,23.5,41.7,63.6,84.5,52.1,31.9,40.3,27.8,33.3,36.1,15.3,15.3,0.271,Matt McLain
"Sosa, Edmundo",624641,2026,40,,,,7,,,0.263,0.3,0.421,0.721,0.158,0.283,0.444,0.329,0.319,0.318,89.4,9.2,33.3,6.7,40.0,72.3,44.4,24.1,56.8,75.0,87.2,61.1,46.7,33.3,20.0,53.3,10.0,23.3,13.3,0.31,Edmundo Sosa
"Vázquez, Christian",543877,2026,51,,,,10,,,0.311,0.38,0.533,0.913,0.222,0.235,0.295,0.277,0.311,0.4,86.1,14.3,31.6,2.6,26.3,55.6,30.6,17.4,41.8,56.3,87.3,75.7,50.0,26.3,23.7,47.4,23.7,23.7,5.3,0.343,Christian Vázquez
"Yelich, Christian",592885,2026,56,,,,10,,,0.314,0.375,0.451,0.826,0.137,0.229,0.369,0.282,0.298,0.355,89.4,-2.4,13.5,5.4,40.5,70.4,27.3,28.1,49.2,75.0,83.0,42.4,37.8,32.4,29.7,75.7,13.5,10.8,0.0,0.417,Christian Yelich
"Burleson, Alec",676475,2026,116,,,,17,,,0.255,0.333,0.396,0.729,0.141,0.264,0.512,0.365,0.342,0.325,91.1,7.4,28.3,9.8,45.7,67.0,34.9,19.5,50.6,83.3,81.6,78.4,46.7,31.5,21.7,52.2,27.2,16.3,4.3,0.27,Alec Burleson
"Bart, Joey",663698,2026,42,,,,3,,,0.158,0.214,0.263,0.477,0.105,0.135,0.268,0.206,0.194,0.217,85.1,15.2,36.4,9.1,31.8,60.5,31.9,32.9,45.1,58.3,77.6,50.0,36.4,40.9,22.7,40.9,50.0,4.5,4.5,0.238,Joey Bart
"Encarnacion, Jerar",666464,2026,27,,,,0,,,0.231,0.259,0.269,0.528,0.038,0.179,0.255,0.206,0.209,0.241,86.7,8.4,38.1,4.8,33.3,63.2,44.1,18.2,52.8,33.3,94.4,66.7,28.6,28.6,42.9,47.6,28.6,19.0,4.8,0.286,Jerar Encarnacion
"Benintendi, Andrew",643217,2026,88,,,,11,,,0.209,0.25,0.384,0.634,0.175,0.228,0.402,0.289,0.268,0.276,90.5,22.1,42.6,11.1,61.1,73.3,36.2,34.7,53.0,74.1,73.6,51.4,61.1,29.6,9.3,27.8,37.0,27.8,7.4,0.308,Andrew Benintendi
"Rutschman, Adley",668939,2026,56,,,,11,,,0.333,0.393,0.627,1.02,0.294,0.237,0.414,0.315,0.306,0.44,89.2,18.1,36.4,6.8,47.7,57.6,26.5,12.8,43.5,58.3,92.6,73.1,43.2,36.4,20.5,34.1,31.8,29.5,4.5,0.341,Adley Rutschman
"Carpenter, Kerry",681481,2026,89,,,,17,,,0.237,0.326,0.526,0.852,0.289,0.195,0.394,0.301,0.292,0.366,93.3,21.1,34.0,10.6,53.2,64.0,31.1,38.9,44.8,68.8,74.0,42.4,46.8,31.9,21.3,34.0,42.6,19.1,4.3,0.293,Kerry Carpenter
"Vilade, Ryan",668723,2026,31,,,,3,,,0.344,0.4,0.406,0.806,0.062,0.264,0.342,0.3,0.327,0.366,89.2,22.3,48.0,0.0,32.0,71.3,27.4,20.8,50.3,80.0,84.2,65.0,32.0,52.0,16.0,28.0,32.0,32.0,8.0,0.44,Ryan Vilade
"Pinango, Yohendrick",682818,2026,2,,,,0,,,0.333,0.333,0.333,0.666,0.0,0.392,0.498,0.386,0.392,0.301,84.3,31.1,66.7,0.0,0.0,66.7,25.0,0.0,50.0,100.0,100.0,100.0,0.0,66.7,33.3,0.0,66.7,33.3,0.0,0.333,Yohendrick Pinango
"Mangum, Jake",663968,2026,65,,,,2,,,0.274,0.328,0.306,0.634,0.032,0.255,0.309,0.274,0.312,0.287,83.9,3.1,20.8,0.0,31.3,79.1,50.4,22.4,63.9,75.0,78.0,76.9,29.2,35.4,35.4,68.8,12.5,14.6,4.2,0.362,Jake Mangum
"Naylor, Josh",647304,2026,113,,,,11,,,0.202,0.282,0.308,0.59,0.106,0.247,0.397,0.314,0.322,0.268,87.2,14.9,31.8,7.1,37.6,80.0,36.8,23.3,56.3,80.0,84.1,63.5,47.1,32.9,20.0,43.5,21.2,21.2,14.1,0.22,Josh Naylor
"Vientos, Mark",668901,2026,75,,,,7,,,0.243,0.28,0.357,0.637,0.114,0.236,0.368,0.278,0.274,0.284,88.5,11.7,31.5,3.7,40.7,73.5,33.8,31.6,52.4,60.0,78.0,50.0,38.9,42.6,18.5,48.1,29.6,14.8,7.4,0.288,Mark Vientos
"Cruz, Oneil",665833,2026,122,,,,24,,,0.259,0.32,0.518,0.838,0.259,0.264,0.543,0.365,0.324,0.359,96.8,8.3,36.2,23.2,63.8,60.9,34.8,40.6,46.8,73.3,73.0,39.1,49.3,34.8,15.9,46.4,26.1,24.6,2.9,0.344,Oneil Cruz
"Kemp, Otto",805249,2026,22,,,,0,,,0.1,0.182,0.1,0.282,0.0,0.182,0.235,0.229,0.257,0.148,81.3,22.6,45.5,0.0,9.1,64.3,35.6,43.8,47.5,66.7,81.5,23.8,18.2,36.4,45.5,27.3,27.3,36.4,9.1,0.182,Otto Kemp
"Kreidler, Ryan",668952,2026,18,,,,4,,,0.214,0.389,0.714,1.103,0.5,0.293,0.706,0.481,0.45,0.459,88.8,27.4,45.5,18.2,27.3,73.2,11.1,23.5,44.2,100.0,76.7,75.0,45.5,27.3,27.3,27.3,27.3,18.2,27.3,0.111,Ryan Kreidler
"Springer, George",543807,2026,62,,,,6,,,0.185,0.29,0.37,0.66,0.185,0.184,0.351,0.289,0.289,0.299,88.9,22.6,25.0,10.0,42.5,78.2,24.4,24.2,51.0,66.7,86.6,41.9,47.5,22.5,30.0,40.0,30.0,15.0,15.0,0.211,George Springer
"Soler, Jorge",624585,2026,108,,,,20,,,0.232,0.327,0.474,0.801,0.242,0.224,0.427,0.331,0.324,0.349,88.9,19.2,38.7,12.9,43.5,67.1,29.2,36.3,46.5,71.0,79.9,32.5,56.5,24.2,19.4,33.9,27.4,29.0,9.7,0.286,Jorge Soler
"Rushing, Dalton",687221,2026,44,,,,16,,,0.385,0.467,0.974,1.441,0.589,0.323,0.695,0.468,0.413,0.595,94.6,29.6,39.3,17.9,57.1,66.7,25.6,28.8,45.6,80.0,78.8,52.4,42.9,28.6,28.6,21.4,42.9,21.4,14.3,0.381,Dalton Rushing
"Horwitz, Spencer",687462,2026,86,,,,8,,,0.257,0.367,0.365,0.732,0.108,0.222,0.304,0.302,0.342,0.335,85.9,15.8,26.2,1.6,27.9,50.0,28.4,19.1,38.4,40.0,93.9,61.1,34.4,29.5,36.1,44.3,23.0,24.6,8.2,0.288,Spencer Horwitz
"Hinds, Rece",677956,2026,31,,,,5,,,0.143,0.194,0.25,0.444,0.107,0.154,0.184,0.182,0.207,0.199,89.5,25.3,26.7,0.0,26.7,75.0,40.3,43.3,53.6,100.0,72.2,38.7,40.0,26.7,33.3,40.0,26.7,20.0,13.3,0.267,Rece Hinds
"Fernandez, Jose",699912,2026,78,,,,12,,,0.342,0.359,0.5,0.859,0.158,0.272,0.42,0.308,0.291,0.378,89.9,12.0,29.3,6.9,46.6,57.9,34.4,25.7,45.5,66.7,84.5,58.9,48.3,34.5,17.2,50.0,12.1,22.4,15.5,0.418,Jose Fernandez
"Yoshida, Masataka",807799,2026,56,,,,5,,,0.261,0.393,0.326,0.719,0.065,0.217,0.272,0.302,0.357,0.34,89.8,4.6,22.5,0.0,42.5,51.0,22.6,13.2,35.7,75.0,92.0,76.9,42.5,37.5,20.0,60.0,15.0,20.0,5.0,0.3,Masataka Yoshida
"Gray, Tristan",656484,2026,50,,,,13,,,0.292,0.34,0.5,0.84,0.208,0.25,0.394,0.312,0.307,0.366,89.4,10.1,43.8,12.5,40.6,75.5,41.2,37.1,57.4,100.0,75.3,42.6,53.1,31.3,15.6,34.4,18.8,40.6,6.3,0.393,Tristan Gray
"Seager, Corey",608369,2026,117,,,,17,,,0.212,0.306,0.423,0.729,0.211,0.241,0.452,0.336,0.333,0.316,89.8,12.7,37.3,13.3,41.3,80.8,30.9,34.0,52.0,93.9,78.2,42.7,44.0,33.3,22.7,42.7,26.7,24.0,6.7,0.232,Corey Seager
"Millas, Drew",686452,2026,53,,,,3,,,0.149,0.216,0.191,0.407,0.042,0.197,0.268,0.24,0.26,0.194,79.2,9.6,42.9,2.9,20.0,60.9,29.6,19.3,44.0,57.1,94.6,56.3,28.6,37.1,34.3,48.6,14.3,31.4,5.7,0.206,Drew Millas
"Wilson, Jacob",805779,2026,117,,,,14,,,0.278,0.282,0.383,0.665,0.105,0.262,0.336,0.262,0.266,0.292,85.5,7.1,28.2,1.9,35.0,72.1,45.6,13.6,59.5,80.8,90.3,79.5,36.9,42.7,20.4,52.4,18.4,24.3,4.9,0.297,Jacob Wilson
"Perkins, Blake",663368,2026,45,,,,5,,,0.132,0.25,0.211,0.461,0.079,0.157,0.233,0.242,0.272,0.225,86.3,19.2,22.2,3.7,37.0,60.9,33.3,25.0,45.8,60.0,83.0,62.9,37.0,25.9,37.0,33.3,33.3,22.2,11.1,0.192,Blake Perkins
"Vierling, Matt",663837,2026,61,,,,9,,,0.208,0.279,0.358,0.637,0.15,0.256,0.363,0.305,0.324,0.282,88.6,14.0,39.1,2.2,41.3,59.0,27.3,14.5,42.1,80.0,93.1,71.1,37.0,37.0,26.1,39.1,21.7,30.4,8.7,0.222,Matt Vierling
"Walker, Christian",572233,2026,118,,,,23,,,0.291,0.373,0.573,0.946,0.282,0.263,0.51,0.367,0.349,0.406,90.7,13.2,31.7,14.6,50.0,71.1,28.2,28.0,47.7,77.1,85.5,43.5,37.8,35.4,26.8,43.9,28.0,19.5,8.5,0.307,Christian Walker
"Díaz, Elias",553869,2026,8,,,,2,,,0.429,0.5,0.714,1.214,0.285,0.25,0.334,0.308,0.344,0.521,88.8,17.1,33.3,16.7,50.0,81.8,33.3,28.6,53.8,100.0,88.9,40.0,50.0,33.3,16.7,33.3,16.7,33.3,16.7,0.5,Elias Díaz
"Rodríguez, Johnathan",671286,2026,11,,,,1,,,0.0,0.273,0.0,0.273,0.0,0.105,0.206,0.332,0.393,0.193,89.1,13.8,50.0,0.0,50.0,78.3,25.0,19.2,47.3,100.0,94.4,50.0,25.0,50.0,25.0,25.0,25.0,50.0,0.0,0.0,Johnathan Rodríguez
"Haggerty, Sam",664059,2026,22,,,,0,,,0.13,0.167,0.13,0.297,0.0,0.133,0.156,0.149,0.169,0.142,84.8,30.5,41.7,0.0,0.0,69.4,31.0,36.2,51.6,83.3,67.6,53.8,41.7,41.7,16.7,41.7,25.0,16.7,16.7,0.25,Sam Haggerty
"Sullivan, Brett",664954,2026,42,,,,4,,,0.244,0.262,0.341,0.603,0.097,0.233,0.303,0.243,0.251,0.267,86.0,20.2,25.0,0.0,28.1,70.0,37.7,18.3,55.0,60.0,83.9,76.9,46.9,31.3,21.9,43.8,21.9,21.9,12.5,0.313,Brett Sullivan
"Bohm, Alec",664761,2026,110,,,,11,,,0.143,0.218,0.194,0.412,0.051,0.216,0.297,0.271,0.29,0.197,88.6,10.6,37.0,1.2,38.3,60.8,24.9,19.5,41.6,54.5,86.1,68.5,25.9,51.9,22.2,49.4,19.8,22.2,8.6,0.163,Alec Bohm
"Bellinger, Cody",641355,2026,116,,,,14,,,0.24,0.35,0.38,0.73,0.14,0.273,0.453,0.366,0.379,0.331,88.3,20.1,36.0,7.0,38.4,63.1,21.8,19.3,41.1,71.4,85.4,68.6,43.0,33.7,23.3,34.9,37.2,16.3,11.6,0.253,Cody Bellinger
"Larnach, Trevor",663616,2026,69,,,,7,,,0.259,0.419,0.397,0.816,0.138,0.248,0.396,0.365,0.411,0.372,86.8,11.0,38.6,9.1,34.1,45.5,26.3,25.9,35.0,40.0,86.4,56.5,36.4,50.0,13.6,36.4,20.5,34.1,9.1,0.326,Trevor Larnach
"Frazier, Adam",624428,2026,54,,,,5,,,0.277,0.37,0.447,0.817,0.17,0.183,0.264,0.26,0.289,0.365,84.0,15.1,28.1,3.1,21.9,70.9,35.3,27.2,53.8,93.8,83.3,50.0,50.0,34.4,15.6,56.3,21.9,18.8,3.1,0.414,Adam Frazier
"Basallo, Samuel",694212,2026,83,,,,8,,,0.233,0.325,0.452,0.777,0.219,0.244,0.473,0.348,0.336,0.341,92.3,17.5,25.9,11.1,46.3,73.0,34.8,31.3,51.8,64.7,79.3,50.9,35.2,35.2,29.6,38.9,27.8,22.2,11.1,0.245,Samuel Basallo
"Scott II, Victor",687363,2026,79,,,,4,,,0.191,0.243,0.206,0.449,0.015,0.217,0.257,0.241,0.27,0.211,86.5,1.1,25.9,0.0,22.2,65.8,22.7,30.5,45.6,76.5,82.7,26.7,37.0,42.6,20.4,66.7,9.3,20.4,3.7,0.265,Victor Scott II
"Haase, Eric",606992,2026,3,,,,1,,,0.333,0.333,0.667,1.0,0.334,0.37,0.424,0.347,0.37,0.426,87.8,22.6,33.3,0.0,0.0,77.8,0.0,28.6,70.0,66.7,71.4,,0.0,33.3,66.7,33.3,33.3,33.3,0.0,0.333,Eric Haase
"Diaz, Yainer",673237,2026,84,,,,12,,,0.215,0.238,0.329,0.567,0.114,0.236,0.327,0.262,0.263,0.249,87.9,6.9,22.1,4.4,27.9,75.8,42.6,26.1,57.1,90.5,89.0,53.0,26.5,41.2,32.4,55.9,17.6,20.6,5.9,0.227,Yainer Diaz
"Myers, Dane",667472,2026,47,,,,3,,,0.263,0.404,0.342,0.746,0.079,0.335,0.627,0.468,0.468,0.353,88.7,20.5,44.8,13.8,31.0,51.0,13.3,13.8,31.7,76.9,90.2,71.4,17.2,55.2,27.6,34.5,37.9,20.7,6.9,0.321,Dane Myers
"Stubbs, Garrett",596117,2026,7,,,,1,,,0.333,0.286,0.333,0.619,0.0,0.244,0.283,0.198,0.21,0.258,91.5,10.7,14.3,0.0,42.9,75.0,55.6,0.0,66.7,100.0,100.0,100.0,28.6,57.1,14.3,57.1,28.6,14.3,0.0,0.286,Garrett Stubbs
"Doyle, Brenton",686668,2026,84,,,,2,,,0.208,0.274,0.273,0.547,0.065,0.198,0.286,0.25,0.266,0.254,90.4,11.6,27.7,4.3,38.3,73.9,35.0,31.0,53.0,72.7,89.2,32.1,44.7,44.7,10.6,48.9,25.5,23.4,2.1,0.326,Brenton Doyle
"Garcia, Aramis",605244,2026,2,,,,0,,,0.5,0.5,0.5,1.0,0.0,0.493,0.559,0.461,0.493,0.451,82.3,18.1,100.0,0.0,0.0,50.0,50.0,50.0,50.0,,100.0,0.0,0.0,100.0,0.0,0.0,0.0,100.0,0.0,1.0,Aramis Garcia
"Wallner, Matt",670242,2026,101,,,,7,,,0.172,0.274,0.29,0.564,0.118,0.211,0.333,0.292,0.307,0.264,89.3,6.8,27.8,9.3,44.4,74.2,30.0,42.4,51.0,69.2,70.3,29.0,48.1,40.7,11.1,51.9,18.5,25.9,3.7,0.255,Matt Wallner
"Yorke, Nick",694377,2026,74,,,,4,,,0.219,0.311,0.313,0.624,0.094,0.265,0.402,0.338,0.353,0.289,90.9,7.0,25.5,5.9,52.9,68.3,26.5,18.7,46.9,72.2,90.5,59.0,25.5,47.1,27.5,52.9,31.4,13.7,2.0,0.26,Nick Yorke
"Hoerner, Nico",663538,2026,131,,,,23,,,0.297,0.375,0.458,0.833,0.161,0.303,0.402,0.348,0.382,0.37,86.2,14.8,38.7,2.8,27.4,52.2,32.8,10.7,41.8,64.7,98.3,77.0,38.7,36.8,24.5,35.8,26.4,28.3,9.4,0.304,Nico Hoerner
"Semien, Marcus",543760,2026,110,,,,8,,,0.22,0.275,0.3,0.575,0.08,0.228,0.363,0.287,0.285,0.262,86.7,20.5,34.2,7.6,34.2,73.8,29.1,23.7,51.6,83.9,84.6,55.2,45.6,41.8,12.7,31.6,38.0,22.8,7.6,0.273,Marcus Semien
"Chaparro, Andrés",665953,2026,10,,,,0,,,0.222,0.3,0.333,0.633,0.111,0.339,0.766,0.489,0.405,0.289,94.6,18.5,42.9,14.3,57.1,77.8,37.5,25.0,48.5,100.0,57.1,88.9,28.6,57.1,14.3,28.6,57.1,14.3,0.0,0.286,Andrés Chaparro
"Ruiz, Esteury",665923,2026,2,,,,0,,,0.0,0.0,0.0,0.0,0.0,0.155,0.374,0.217,0.155,0.0,84.2,12.0,50.0,0.0,50.0,75.0,100.0,0.0,80.0,,100.0,100.0,50.0,50.0,0.0,50.0,50.0,0.0,0.0,0.0,Esteury Ruiz
"Freeland, Alex",690976,2026,77,,,,6,,,0.229,0.295,0.329,0.624,0.1,0.244,0.416,0.317,0.309,0.283,90.3,12.2,42.6,12.8,40.4,57.2,20.0,31.3,38.7,81.8,75.8,48.5,40.4,38.3,21.3,46.8,23.4,25.5,4.3,0.333,Alex Freeland
"Kim, Hyeseong",808975,2026,52,,,,7,,,0.319,0.389,0.426,0.815,0.107,0.269,0.382,0.331,0.355,0.365,86.0,12.0,51.4,5.7,20.0,58.4,31.4,24.5,45.6,53.3,93.9,37.5,22.9,48.6,28.6,40.0,25.7,34.3,0.0,0.412,Hyeseong Kim
"Lopez, Nicky",670032,2026,2,,,,0,,,0.0,0.0,0.0,0.0,0.0,0.0,0.0,0.0,0.0,0.0,,,,,,57.1,42.9,28.6,50.0,50.0,100.0,33.3,,,,,,,,0.0,Nicky Lopez
"Meyers, Jake",676694,2026,43,,,,4,,,0.243,0.326,0.378,0.704,0.135,0.247,0.456,0.34,0.329,0.317,86.9,11.7,36.7,13.3,33.3,79.4,31.7,25.0,53.3,90.0,85.2,53.8,36.7,33.3,30.0,40.0,26.7,26.7,6.7,0.276,Jake Meyers
"Heineman, Tyler",623168,2026,44,,,,2,,,0.19,0.227,0.19,0.417,0.0,0.195,0.223,0.207,0.232,0.197,83.2,8.0,18.2,0.0,15.2,70.9,46.6,25.8,58.1,93.8,85.7,58.5,51.5,33.3,15.2,60.6,15.2,18.2,6.1,0.267,Tyler Heineman
"Taveras, Leody",665750,2026,71,,,,15,,,0.288,0.4,0.441,0.841,0.153,0.274,0.466,0.377,0.388,0.38,86.8,17.3,47.8,6.5,37.0,68.9,29.7,27.1,46.6,76.5,75.6,68.1,37.0,37.0,26.1,28.3,32.6,32.6,6.5,0.349,Leody Taveras
"Beck, Jordan",687597,2026,57,,,,7,,,0.154,0.211,0.25,0.461,0.096,0.204,0.286,0.246,0.258,0.21,84.7,14.4,24.4,2.4,29.3,74.5,40.5,29.8,55.0,86.7,82.9,52.9,36.6,31.7,31.7,48.8,29.3,14.6,7.3,0.175,Jordan Beck
"Tena, José",677588,2026,50,,,,7,,,0.277,0.32,0.362,0.682,0.085,0.222,0.343,0.272,0.268,0.309,89.8,14.4,37.5,3.1,40.6,68.0,34.2,33.3,49.8,81.3,73.5,55.0,21.9,37.5,40.6,40.6,25.0,28.1,6.3,0.387,José Tena
"Grissom, Vaughn",687093,2026,36,,,,3,,,0.375,0.45,0.5,0.95,0.125,0.276,0.398,0.368,0.388,0.414,88.2,12.8,21.9,6.3,37.5,53.0,23.0,14.5,35.9,33.3,94.3,65.0,40.6,37.5,21.9,50.0,34.4,15.6,3.1,0.375,Vaughn Grissom
"Moniak, Mickey",666160,2026,85,,,,15,,,0.316,0.353,0.684,1.037,0.368,0.231,0.462,0.314,0.274,0.439,90.4,24.4,30.0,11.7,38.3,72.9,40.4,24.2,56.3,90.5,90.3,50.8,48.3,33.3,18.3,31.7,40.0,16.7,11.7,0.327,Mickey Moniak
"Williams, Luke",663897,2026,1,,,,0,,,0.0,1.0,0.0,1.0,0.0,0.0,0.0,0.708,1.0,0.708,,,,,,,0.0,,0.0,,,,,,,,,,,0.0,Luke Williams
"Conine, Griffin",665052,2026,25,,,,4,,,0.273,0.36,0.591,0.951,0.318,0.376,0.773,0.513,0.451,0.411,90.1,6.4,56.3,25.0,62.5,62.5,38.0,40.9,48.9,100.0,72.0,42.1,37.5,56.3,6.3,50.0,25.0,25.0,0.0,0.286,Griffin Conine
"Stowers, Kyle",669065,2026,26,,,,0,,,0.222,0.323,0.333,0.656,0.111,0.33,0.46,0.389,0.416,0.303,95.1,9.0,26.1,4.3,73.9,83.3,35.1,27.7,58.6,100.0,84.4,45.0,60.9,30.4,8.7,56.5,17.4,21.7,4.3,0.261,Kyle Stowers
"Gelof, Zack",680869,2026,25,,,,4,,,0.208,0.208,0.375,0.583,0.167,0.246,0.403,0.276,0.246,0.252,94.2,17.3,27.8,5.6,50.0,62.3,17.9,30.0,43.5,80.0,69.7,71.4,50.0,27.8,22.2,44.4,22.2,27.8,5.6,0.25,Zack Gelof
"Edwards, Xavier",669364,2026,121,,,,9,,,0.34,0.435,0.462,0.897,0.122,0.298,0.433,0.371,0.4,0.404,89.8,9.6,38.0,5.4,42.4,60.3,21.2,16.6,39.5,69.2,92.0,61.8,34.8,34.8,30.4,46.7,19.6,28.3,5.4,0.389,Xavier Edwards
"Schanuel, Nolan",694384,2026,116,,,,18,,,0.231,0.298,0.361,0.659,0.13,0.254,0.335,0.296,0.322,0.296,86.4,9.3,30.8,2.2,29.7,61.9,22.9,16.1,42.6,66.7,89.0,69.8,35.2,38.5,26.4,50.5,18.7,26.4,4.4,0.25,Nolan Schanuel
"Valenzuela, Brandon",678218,2026,35,,,,2,,,0.147,0.171,0.235,0.406,0.088,0.161,0.266,0.198,0.185,0.183,85.1,10.3,25.0,5.0,35.0,67.5,43.9,39.0,57.5,69.2,76.9,28.0,50.0,25.0,25.0,55.0,15.0,20.0,10.0,0.211,Brandon Valenzuela
"Adames, Willy",642715,2026,117,,,,6,,,0.207,0.248,0.378,0.626,0.171,0.211,0.376,0.273,0.251,0.276,88.3,22.9,36.0,10.7,38.7,62.6,28.3,25.6,44.7,61.8,84.7,53.5,46.7,28.0,25.3,33.3,29.3,22.7,14.7,0.278,Willy Adames
"Pozo, Yohel",650968,2026,17,,,,3,,,0.118,0.118,0.176,0.294,0.058,0.26,0.301,0.247,0.26,0.128,88.8,9.9,17.6,0.0,35.3,78.8,46.2,5.3,64.4,60.0,96.2,91.7,29.4,29.4,41.2,70.6,17.6,5.9,5.9,0.118,Yohel Pozo
"Duran, Jarren",680776,2026,98,,,,11,,,0.179,0.243,0.263,0.506,0.084,0.219,0.347,0.28,0.281,0.234,90.7,10.5,21.7,10.1,43.5,68.5,33.7,36.4,49.3,54.5,78.3,39.1,37.7,37.7,24.6,55.1,17.4,14.5,13.0,0.235,Jarren Duran
"Benson, Will",666181,2026,45,,,,1,,,0.162,0.311,0.243,0.554,0.081,0.161,0.217,0.255,0.317,0.26,88.7,29.7,28.0,0.0,24.0,74.4,27.1,33.3,48.9,87.5,68.9,61.5,36.0,28.0,36.0,28.0,40.0,16.0,16.0,0.24,Will Benson
"Sosa, Lenyn",672820,2026,60,,,,7,,,0.213,0.21,0.295,0.505,0.082,0.232,0.342,0.244,0.229,0.219,89.6,26.0,38.0,4.0,36.0,66.7,48.5,23.7,56.5,43.8,86.8,65.1,38.0,34.0,28.0,32.0,28.0,26.0,14.0,0.265,Lenyn Sosa
"Isbel, Kyle",664728,2026,76,,,,8,,,0.288,0.347,0.47,0.817,0.182,0.255,0.383,0.31,0.317,0.362,87.6,13.2,30.8,5.8,32.7,59.7,34.7,20.2,46.2,77.8,90.9,63.5,23.1,38.5,38.5,44.2,19.2,26.9,9.6,0.356,Kyle Isbel
"Hernández, Teoscar",606192,2026,101,,,,15,,,0.245,0.314,0.415,0.729,0.17,0.245,0.427,0.325,0.316,0.324,90.0,12.8,35.9,12.5,40.6,65.6,28.6,34.6,45.1,82.1,74.6,48.5,35.9,43.8,20.3,46.9,28.1,20.3,4.7,0.317,Teoscar Hernández
"Merrill, Jackson",701538,2026,115,,,,14,,,0.213,0.28,0.352,0.632,0.139,0.223,0.415,0.304,0.289,0.281,88.6,12.5,31.3,11.3,45.0,82.9,37.9,28.5,57.7,89.7,78.3,59.8,40.0,36.3,23.8,43.8,25.0,25.0,6.3,0.267,Jackson Merrill
"Martínez, Angel",682657,2026,89,,,,15,,,0.276,0.315,0.506,0.821,0.23,0.284,0.445,0.334,0.323,0.359,87.9,16.7,38.6,10.0,40.0,65.9,42.0,16.8,53.0,70.0,92.2,70.9,42.9,34.3,22.9,40.0,24.3,27.1,8.6,0.297,Angel Martínez
"Ward, Taylor",621493,2026,132,,,,11,,,0.312,0.424,0.459,0.883,0.147,0.298,0.439,0.38,0.413,0.397,89.6,15.4,38.5,5.5,38.5,53.2,11.0,16.5,32.2,65.2,89.4,54.8,35.2,39.6,25.3,37.4,28.6,28.6,5.5,0.367,Taylor Ward
"Palacios, Richie",680700,2026,51,,,,5,,,0.256,0.412,0.359,0.771,0.103,0.281,0.426,0.392,0.434,0.362,86.9,9.2,42.4,6.1,33.3,63.3,21.3,15.3,41.3,66.7,90.3,69.6,27.3,42.4,30.3,39.4,21.2,33.3,6.1,0.281,Richie Palacios
"Martin, Austin",668885,2026,76,,,,6,,,0.327,0.5,0.455,0.955,0.128,0.258,0.367,0.385,0.452,0.436,86.0,6.8,27.9,4.7,39.5,55.8,11.5,16.5,31.2,85.0,91.5,52.4,41.9,34.9,23.3,53.5,20.9,20.9,4.7,0.405,Austin Martin
"Perdomo, Geraldo",672695,2026,102,,,,6,,,0.25,0.35,0.393,0.743,0.143,0.236,0.312,0.312,0.352,0.333,86.5,9.0,30.7,2.7,26.7,59.9,20.6,11.0,40.6,66.7,93.8,74.4,45.3,40.0,14.7,53.3,18.7,24.0,4.0,0.278,Geraldo Perdomo
"Slater, Austin",596103,2026,28,,,,1,,,0.174,0.286,0.174,0.46,0.0,0.177,0.232,0.246,0.288,0.23,85.2,17.9,33.3,0.0,13.3,62.0,27.7,32.7,42.6,55.6,77.4,50.0,33.3,33.3,33.3,33.3,33.3,20.0,13.3,0.267,Austin Slater
"Young, Cole",702284,2026,114,,,,14,,,0.26,0.339,0.394,0.733,0.134,0.27,0.429,0.343,0.348,0.33,87.9,19.7,38.5,7.7,38.5,66.5,28.3,25.2,46.7,68.4,77.4,69.0,48.7,34.6,16.7,32.1,26.9,26.9,14.1,0.32,Cole Young
"Wynns, Austin",642851,2026,31,,,,0,,,0.107,0.167,0.107,0.274,0.0,0.278,0.45,0.34,0.326,0.137,85.4,24.8,33.3,8.3,25.0,71.0,40.7,21.2,56.9,84.6,88.6,59.1,41.7,25.0,33.3,33.3,33.3,20.8,12.5,0.13,Austin Wynns
"d'Arnaud, Travis",518595,2026,24,,,,0,,,0.182,0.333,0.227,0.56,0.045,0.226,0.439,0.362,0.369,0.281,87.7,17.2,47.1,17.6,29.4,66.7,30.0,29.8,48.0,60.0,84.4,40.0,11.8,41.2,47.1,29.4,47.1,17.6,5.9,0.235,Travis d'Arnaud
"Albies, Ozzie",645277,2026,124,,,,16,,,0.316,0.355,0.491,0.846,0.175,0.252,0.385,0.298,0.296,0.37,86.3,16.9,36.6,3.0,28.7,80.8,37.9,21.7,55.3,87.0,84.9,68.8,40.6,37.6,21.8,36.6,29.7,26.7,6.9,0.323,Ozzie Albies
"Cronenworth, Jake",630105,2026,99,,,,4,,,0.155,0.283,0.214,0.497,0.059,0.223,0.33,0.31,0.341,0.246,88.3,8.1,28.1,4.7,32.8,65.1,24.4,25.4,43.5,66.7,88.2,42.6,31.3,45.3,23.4,57.8,15.6,17.2,9.4,0.19,Jake Cronenworth
"Giménez, Andrés",665926,2026,100,,,,16,,,0.287,0.313,0.468,0.781,0.181,0.237,0.334,0.27,0.273,0.34,87.1,10.0,27.5,3.8,28.7,71.2,44.7,20.9,57.9,85.7,89.7,62.5,36.3,31.3,32.5,48.8,28.7,18.8,3.8,0.316,Andrés Giménez
"Harper, Bryce",547180,2026,119,,,,18,,,0.26,0.345,0.5,0.845,0.24,0.27,0.569,0.399,0.358,0.369,88.8,15.7,36.9,14.3,40.5,74.9,38.1,29.3,53.3,77.4,84.0,52.1,32.1,41.7,26.2,40.5,32.1,21.4,6.0,0.269,Bryce Harper
"Robert Jr., Luis",673357,2026,98,,,,8,,,0.224,0.327,0.329,0.656,0.105,0.243,0.377,0.324,0.344,0.304,90.2,14.7,20.6,2.9,42.6,64.5,32.1,25.6,46.6,84.0,87.2,53.7,35.3,44.1,20.6,47.1,25.0,17.6,10.3,0.258,Luis Robert Jr.
"Koss, Christian",683766,2026,12,,,,0,,,0.083,0.083,0.167,0.25,0.084,0.115,0.136,0.108,0.115,0.106,87.8,23.4,9.1,0.0,18.2,80.0,22.2,22.2,62.1,85.7,87.5,0.0,18.2,36.4,45.5,36.4,36.4,9.1,18.2,0.091,Christian Koss
"Benge, Carson",701807,2026,85,,,,4,,,0.179,0.247,0.282,0.529,0.103,0.231,0.364,0.292,0.294,0.243,91.0,8.0,35.6,5.1,42.4,68.3,26.0,22.5,48.0,78.1,81.6,65.9,25.4,33.9,40.7,49.2,22.0,25.4,3.4,0.211,Carson Benge
"Rengifo, Luis",650859,2026,85,,,,6,,,0.173,0.25,0.253,0.503,0.08,0.23,0.334,0.285,0.307,0.229,87.3,5.1,30.3,7.6,37.9,68.2,27.6,19.1,47.5,84.6,86.9,66.7,47.0,27.3,25.8,50.0,18.2,28.8,3.0,0.2,Luis Rengifo
"Jensen, Carter",695600,2026,94,,,,16,,,0.268,0.351,0.512,0.863,0.244,0.243,0.45,0.342,0.33,0.377,90.8,16.0,31.0,12.1,43.1,64.1,25.1,32.7,42.0,66.7,80.7,41.1,46.6,31.0,22.4,37.9,32.8,22.4,6.9,0.308,Carter Jensen
"Soto, Juan",665742,2026,55,,,,5,,,0.304,0.418,0.413,0.831,0.109,0.299,0.511,0.399,0.416,0.374,89.9,8.7,39.5,13.2,39.5,69.1,24.2,22.9,44.2,75.0,88.1,51.7,39.5,50.0,10.5,39.5,21.1,34.2,5.3,0.351,Juan Soto
"Ibáñez, Andy",628451,2026,18,,,,3,,,0.118,0.167,0.118,0.285,0.0,0.179,0.245,0.212,0.225,0.14,87.4,12.5,26.7,0.0,26.7,81.8,42.9,16.7,66.7,75.0,92.6,55.6,46.7,33.3,20.0,33.3,46.7,20.0,0.0,0.133,Andy Ibáñez
"Mayo, Coby",691723,2026,77,,,,11,,,0.188,0.273,0.362,0.635,0.174,0.237,0.395,0.315,0.316,0.286,88.5,18.1,22.9,8.3,39.6,57.6,29.2,30.0,42.6,53.6,81.9,48.9,47.9,33.3,18.8,41.7,29.2,16.7,12.5,0.222,Coby Mayo
"Clarke, Denzel",672016,2026,60,,,,6,,,0.17,0.228,0.189,0.417,0.019,0.163,0.19,0.193,0.223,0.199,91.9,2.6,15.6,3.1,46.9,64.0,29.0,35.8,45.0,63.2,77.5,39.5,56.3,18.8,25.0,75.0,6.3,12.5,6.3,0.31,Denzel Clarke
"Busch, Michael",683737,2026,117,,,,11,,,0.204,0.287,0.296,0.583,0.092,0.208,0.323,0.278,0.29,0.27,85.1,12.9,28.4,8.6,33.3,63.2,29.2,23.9,45.2,77.8,85.6,58.0,39.5,28.4,32.1,48.1,32.1,14.8,4.9,0.253,Michael Busch
"Rivas, Leo",660844,2026,81,,,,7,,,0.155,0.265,0.197,0.462,0.042,0.167,0.241,0.244,0.275,0.227,86.4,20.3,38.3,2.1,12.8,55.7,20.7,24.0,38.4,81.3,86.0,48.7,40.4,42.6,17.0,36.2,29.8,23.4,10.6,0.239,Leo Rivas
"Triolo, Jared",669707,2026,26,,,,1,,,0.217,0.308,0.261,0.569,0.044,0.211,0.258,0.266,0.305,0.271,85.7,8.3,27.8,0.0,27.8,66.0,14.0,23.8,40.8,88.9,82.9,42.9,22.2,33.3,44.4,50.0,27.8,22.2,0.0,0.278,Jared Triolo
"Campusano, Luis",669134,2026,43,,,,9,,,0.35,0.395,0.75,1.145,0.4,0.282,0.518,0.365,0.332,0.486,87.5,8.9,38.7,12.9,54.8,72.7,34.6,26.2,53.2,81.8,82.1,57.1,38.7,48.4,12.9,38.7,25.8,32.3,3.2,0.393,Luis Campusano
"Caminero, Junior",691406,2026,122,,,,15,,,0.259,0.333,0.5,0.833,0.241,0.277,0.49,0.363,0.35,0.364,91.9,14.1,24.7,10.8,45.2,62.4,29.6,22.7,43.5,78.6,84.4,66.3,41.9,36.6,21.5,45.2,22.6,18.3,14.0,0.247,Junior Caminero
"Peters, Tristan",671976,2026,65,,,,2,,,0.281,0.324,0.328,0.652,0.047,0.241,0.348,0.28,0.286,0.297,89.3,19.4,34.0,4.3,27.7,75.0,37.0,26.6,56.1,89.5,71.9,76.6,51.1,38.3,10.6,40.4,25.5,27.7,6.4,0.391,Tristan Peters
"Abrams, CJ",682928,2026,118,,,,21,,,0.268,0.381,0.515,0.896,0.247,0.274,0.504,0.386,0.391,0.388,89.5,15.9,31.6,12.7,44.3,67.9,35.1,29.5,49.3,88.2,80.8,55.3,35.4,38.0,26.6,39.2,32.9,19.0,8.9,0.264,CJ Abrams
"Melendez, MJ",669004,2026,24,,,,2,,,0.273,0.333,0.545,0.878,0.272,0.164,0.362,0.261,0.234,0.38,98.6,35.3,45.5,27.3,72.7,66.7,25.9,44.7,44.3,50.0,59.4,46.7,63.6,18.2,18.2,0.0,45.5,36.4,18.2,0.5,MJ Melendez
"Betts, Mookie",605141,2026,32,,,,7,,,0.179,0.281,0.429,0.71,0.25,0.249,0.4,0.332,0.343,0.315,89.9,22.9,37.5,8.3,33.3,57.1,22.0,9.3,40.6,50.0,100.0,63.6,37.5,41.7,20.8,29.2,41.7,25.0,4.2,0.136,Mookie Betts
"Karros, Kyle",691720,2026,99,,,,3,,,0.188,0.333,0.263,0.596,0.075,0.262,0.397,0.358,0.394,0.289,89.9,13.3,43.5,6.5,37.1,60.4,21.9,23.7,39.0,77.1,89.1,48.1,33.9,41.9,24.2,40.3,16.1,35.5,8.1,0.23,Kyle Karros
"Schneemann, Daniel",682177,2026,75,,,,12,,,0.314,0.392,0.586,0.978,0.272,0.278,0.515,0.38,0.36,0.425,90.4,12.9,50.0,13.0,43.5,60.6,34.1,38.0,47.2,73.3,81.0,29.3,47.8,26.1,26.1,34.8,30.4,32.6,2.2,0.429,Daniel Schneemann
"Susac, Daniel",691740,2026,24,,,,5,,,0.478,0.5,0.652,1.152,0.174,0.372,0.487,0.387,0.398,0.504,88.0,15.8,35.0,5.0,30.0,74.4,35.7,21.3,55.3,88.9,87.5,60.0,25.0,40.0,35.0,45.0,35.0,20.0,0.0,0.55,Daniel Susac
"Crawford, J.P.",641487,2026,87,,,,6,,,0.178,0.341,0.26,0.601,0.082,0.242,0.41,0.365,0.394,0.295,89.1,14.3,35.1,8.8,38.6,54.2,18.4,15.2,36.3,60.0,92.2,62.9,31.6,42.1,26.3,49.1,19.3,24.6,7.0,0.214,J.P. Crawford
"Tawa, Tim",694374,2026,48,,,,6,,,0.146,0.234,0.268,0.502,0.122,0.211,0.286,0.264,0.293,0.231,86.9,8.7,26.5,2.9,29.4,70.7,29.8,27.3,48.1,63.6,76.9,64.7,38.2,47.1,14.7,55.9,17.6,20.6,5.9,0.156,Tim Tawa
"Witt Jr., Bobby",677951,2026,125,,,,12,,,0.294,0.368,0.422,0.79,0.128,0.309,0.495,0.383,0.391,0.347,92.6,18.8,35.6,11.1,52.2,67.9,33.5,24.8,48.6,70.6,81.9,64.4,26.7,42.2,31.1,34.4,21.1,30.0,14.4,0.348,Bobby Witt Jr.
"Greene, Riley",682985,2026,120,,,,17,,,0.301,0.4,0.466,0.866,0.165,0.29,0.537,0.401,0.391,0.388,89.9,13.8,41.9,13.5,48.6,62.8,24.3,27.6,42.9,87.1,83.6,45.5,31.1,43.2,25.7,41.9,32.4,23.0,2.7,0.394,Riley Greene
"Realmuto, J.T.",592663,2026,61,,,,4,,,0.259,0.344,0.352,0.696,0.093,0.241,0.329,0.3,0.328,0.321,88.4,9.2,34.9,2.3,39.5,60.4,33.8,26.8,45.9,82.4,82.1,60.0,39.5,39.5,20.9,41.9,32.6,25.6,0.0,0.31,J.T. Realmuto
"Bliss, Ryan",669208,2026,2,,,,0,,,0.0,0.0,0.0,0.0,0.0,0.0,0.0,0.0,0.0,0.0,,,,,,66.7,50.0,80.0,55.6,,50.0,0.0,,,,,,,,0.0,Ryan Bliss
"Jackson, Jeremiah",669236,2026,93,,,,19,,,0.27,0.29,0.461,0.751,0.191,0.258,0.43,0.31,0.284,0.327,88.0,2.4,31.9,8.7,33.3,79.9,41.5,30.4,61.1,68.2,80.5,47.5,42.0,31.9,26.1,55.1,21.7,18.8,4.3,0.297,Jeremiah Jackson
"Wiemer, Joey",686894,2026,58,,,,7,,,0.32,0.414,0.58,0.994,0.26,0.216,0.373,0.315,0.326,0.432,90.6,4.1,27.6,10.3,41.4,59.2,28.9,32.6,42.0,73.3,81.0,45.9,37.9,27.6,34.5,55.2,20.7,17.2,6.9,0.5,Joey Wiemer
"Castro, Willi",650489,2026,76,,,,9,,,0.246,0.316,0.348,0.664,0.102,0.212,0.355,0.285,0.284,0.303,88.0,17.4,31.0,7.1,40.5,72.5,35.9,33.1,53.0,80.0,76.9,49.2,35.7,33.3,31.0,40.5,28.6,26.2,4.8,0.39,Willi Castro
"Báez, Javier",595879,2026,80,,,,6,,,0.263,0.287,0.408,0.695,0.145,0.274,0.365,0.297,0.306,0.305,85.1,11.1,45.9,3.3,29.5,73.5,50.3,27.9,59.8,73.3,84.3,59.8,41.0,41.0,18.0,42.6,19.7,27.9,9.8,0.305,Javier Báez
"Schneider, Davis",676914,2026,53,,,,5,,,0.136,0.309,0.25,0.559,0.114,0.17,0.293,0.3,0.336,0.275,88.5,21.4,26.9,15.4,42.3,55.0,18.5,30.2,35.0,71.4,77.0,52.0,50.0,23.1,26.9,42.3,34.6,15.4,7.7,0.2,Davis Schneider
"Williamson, Ben",810938,2026,82,,,,10,,,0.247,0.318,0.338,0.656,0.091,0.238,0.306,0.28,0.31,0.299,87.1,6.0,39.0,0.0,32.2,50.6,28.0,18.2,38.3,50.0,89.9,69.8,28.8,33.9,37.3,50.8,11.9,33.9,3.4,0.328,Ben Williamson
"Oliva, Jared",666931,2026,7,,,,0,,,0.143,0.143,0.143,0.286,0.0,0.322,0.379,0.308,0.322,0.129,93.6,13.6,16.7,0.0,66.7,73.3,41.7,37.5,59.3,,72.7,40.0,33.3,50.0,16.7,50.0,33.3,16.7,0.0,0.167,Jared Oliva
"Henderson, Gunnar",683002,2026,132,,,,18,,,0.21,0.28,0.487,0.767,0.277,0.236,0.429,0.321,0.305,0.332,90.4,16.9,34.2,12.7,49.4,65.4,32.0,27.1,47.8,70.6,81.6,56.8,51.9,30.4,17.7,39.2,29.1,22.8,8.9,0.229,Gunnar Henderson
"Smith, Pavin",656976,2026,8,,,,1,,,0.167,0.375,0.167,0.542,0.0,0.104,0.162,0.263,0.328,0.29,92.1,39.6,0.0,0.0,50.0,60.0,13.6,11.1,38.3,100.0,93.3,66.7,0.0,25.0,75.0,25.0,50.0,0.0,25.0,0.25,Pavin Smith
"Straw, Myles",664702,2026,42,,,,3,,,0.293,0.341,0.415,0.756,0.122,0.329,0.429,0.355,0.375,0.338,88.9,14.0,34.2,5.3,28.9,53.5,21.7,10.9,37.9,64.3,93.5,77.8,47.4,34.2,18.4,42.1,31.6,26.3,0.0,0.306,Myles Straw
"Rodríguez, Julio",677594,2026,126,,,,10,,,0.241,0.323,0.319,0.642,0.078,0.249,0.386,0.317,0.33,0.295,87.7,8.5,29.1,5.8,38.4,66.9,37.1,29.2,50.4,63.0,82.9,53.2,39.5,40.7,19.8,48.8,19.8,23.3,8.1,0.31,Julio Rodríguez
"Baker, Luken",663609,2026,5,,,,0,,,0.2,0.2,0.2,0.4,0.0,0.132,0.15,0.123,0.132,0.18,92.2,28.6,0.0,0.0,50.0,25.0,37.5,50.0,33.3,100.0,100.0,33.3,0.0,100.0,0.0,0.0,50.0,50.0,0.0,0.5,Luken Baker
"Carroll, Corbin",682998,2026,105,,,,17,,,0.287,0.4,0.552,0.952,0.265,0.257,0.477,0.374,0.375,0.412,89.9,9.1,34.4,11.5,37.7,60.5,33.5,34.2,44.5,76.5,75.7,53.5,44.3,34.4,21.3,42.6,27.9,24.6,4.9,0.379,Corbin Carroll
"Keaschall, Luke",807712,2026,114,,,,12,,,0.218,0.269,0.282,0.551,0.064,0.233,0.336,0.276,0.285,0.252,84.5,17.0,29.0,3.2,24.7,61.2,24.7,13.5,41.6,69.4,93.1,72.1,34.4,38.7,26.9,43.0,28.0,18.3,10.8,0.25,Luke Keaschall
"Loftin, Nick",679845,2026,30,,,,7,,,0.28,0.4,0.4,0.8,0.12,0.301,0.392,0.367,0.417,0.366,87.1,9.4,21.7,4.3,39.1,65.4,16.7,9.1,39.3,66.7,88.2,100.0,39.1,43.5,17.4,56.5,17.4,17.4,8.7,0.304,Nick Loftin
"O'Hoppe, Logan",681351,2026,93,,,,8,,,0.205,0.323,0.256,0.579,0.051,0.186,0.315,0.294,0.314,0.279,87.4,15.9,28.6,10.7,41.1,65.9,32.2,29.5,46.9,82.6,82.4,51.5,53.6,25.0,21.4,42.9,30.4,16.1,10.7,0.273,Logan O'Hoppe
"Jones, Greg",675659,2026,16,,,,1,,,0.133,0.133,0.133,0.266,0.0,0.253,0.293,0.235,0.253,0.12,86.9,-7.8,27.3,0.0,36.4,66.7,35.0,31.0,54.7,75.0,77.3,42.9,18.2,63.6,18.2,72.7,0.0,27.3,0.0,0.2,Greg Jones
"Peraza, Oswald",672724,2026,84,,,,8,,,0.278,0.352,0.481,0.833,0.203,0.266,0.427,0.339,0.341,0.369,88.7,14.9,43.1,10.3,37.9,74.8,36.2,33.5,54.7,82.8,82.4,36.5,39.7,37.9,22.4,39.7,19.0,32.8,8.6,0.34,Oswald Peraza
"Amaya, Miguel",665804,2026,55,,,,5,,,0.234,0.345,0.383,0.728,0.149,0.201,0.321,0.296,0.317,0.334,84.6,21.7,20.6,5.9,20.6,59.0,25.8,30.5,40.8,58.8,77.4,54.5,41.2,32.4,26.5,38.2,29.4,17.6,14.7,0.281,Miguel Amaya
"Alexander, Blaze",677942,2026,65,,,,1,,,0.172,0.238,0.19,0.428,0.018,0.283,0.355,0.311,0.34,0.206,92.1,12.8,35.9,2.6,48.7,85.5,33.8,35.4,58.3,94.7,70.0,52.3,28.2,46.2,25.6,48.7,20.5,28.2,2.6,0.263,Blaze Alexander
"Montgomery, Colson",695657,2026,115,,,,19,,,0.225,0.336,0.48,0.816,0.255,0.216,0.438,0.333,0.328,0.356,89.4,20.1,40.9,15.2,39.4,72.3,28.2,35.5,48.5,68.4,75.2,41.2,53.0,33.3,13.6,37.9,31.8,19.7,10.6,0.271,Colson Montgomery
"Collins, Isaac",686555,2026,81,,,,8,,,0.232,0.346,0.333,0.679,0.101,0.191,0.271,0.276,0.311,0.317,86.9,22.4,28.6,7.1,31.0,60.9,19.0,28.5,39.5,73.1,81.6,40.6,38.1,35.7,26.2,33.3,28.6,21.4,16.7,0.35,Isaac Collins
"Gilbert, Drew",687551,2026,37,,,,5,,,0.265,0.306,0.441,0.747,0.176,0.261,0.401,0.308,0.303,0.33,90.0,16.5,33.3,7.4,44.4,56.2,19.4,25.9,38.6,55.6,85.4,38.5,48.1,33.3,18.5,48.1,11.1,25.9,14.8,0.292,Drew Gilbert
"Abreu, Wilyer",677800,2026,113,,,,12,,,0.306,0.364,0.491,0.855,0.185,0.301,0.514,0.378,0.361,0.377,90.8,14.6,33.0,12.5,50.0,67.0,26.9,20.5,47.6,67.6,84.6,66.1,39.8,35.2,25.0,38.6,30.7,25.0,5.7,0.345,Wilyer Abreu
"Wetherholt, JJ",802139,2026,124,,,,13,,,0.238,0.359,0.429,0.788,0.191,0.227,0.44,0.359,0.357,0.355,89.4,16.9,33.3,9.5,45.2,65.9,22.0,23.9,43.3,75.0,82.3,58.6,47.6,31.0,21.4,39.3,36.9,17.9,6.0,0.244,JJ Wetherholt
"Wong, Connor",657136,2026,39,,,,5,,,0.273,0.368,0.424,0.792,0.151,0.211,0.315,0.291,0.315,0.357,87.7,17.4,21.4,3.6,39.3,65.6,35.9,21.4,49.3,100.0,90.5,60.7,17.9,50.0,32.1,39.3,35.7,14.3,10.7,0.333,Connor Wong
"Young, Jacob",696285,2026,96,,,,12,,,0.244,0.284,0.367,0.651,0.123,0.289,0.408,0.321,0.326,0.291,89.7,9.2,42.1,5.3,34.2,61.7,27.6,20.5,45.5,69.0,87.4,60.0,36.8,40.8,22.4,40.8,21.1,31.6,6.6,0.274,Jacob Young
"Jung, Josh",673962,2026,100,,,,14,,,0.312,0.375,0.559,0.934,0.247,0.3,0.471,0.366,0.366,0.405,91.6,11.7,40.3,6.5,53.2,65.7,32.7,17.4,47.7,68.4,93.0,65.2,31.2,41.6,27.3,44.2,22.1,29.9,3.9,0.342,Josh Jung
"Mountcastle, Ryan",663624,2026,15,,,,1,,,0.286,0.333,0.357,0.69,0.071,0.279,0.348,0.301,0.327,0.313,90.0,8.8,33.3,0.0,41.7,84.0,44.8,8.8,63.0,100.0,100.0,76.9,25.0,41.7,33.3,58.3,16.7,25.0,0.0,0.333,Ryan Mountcastle
"Hernaiz, Darell",687231,2026,32,,,,2,,,0.222,0.323,0.333,0.656,0.111,0.189,0.246,0.255,0.293,0.304,88.1,13.9,21.7,0.0,34.8,77.3,42.5,18.8,57.8,88.9,82.4,79.4,34.8,26.1,39.1,52.2,21.7,17.4,8.7,0.238,Darell Hernaiz
"Alonso, Pete",624413,2026,123,,,,10,,,0.196,0.301,0.336,0.637,0.14,0.218,0.396,0.319,0.319,0.293,94.6,13.2,28.0,8.0,56.0,62.3,25.5,28.5,43.3,78.9,79.9,52.3,33.3,50.7,16.0,42.7,33.3,21.3,2.7,0.25,Pete Alonso
"Pereira, Everson",677592,2026,65,,,,7,,,0.258,0.319,0.468,0.787,0.21,0.236,0.435,0.319,0.3,0.344,87.4,12.1,41.9,11.6,41.9,78.8,42.1,37.6,59.1,83.3,79.3,35.3,39.5,32.6,27.9,46.5,23.3,18.6,11.6,0.325,Everson Pereira
"Kwan, Steven",680757,2026,117,,,,8,,,0.217,0.3,0.274,0.574,0.057,0.235,0.3,0.284,0.319,0.269,81.9,13.3,35.5,1.1,8.6,50.4,23.4,7.9,36.5,56.3,97.5,81.4,28.0,38.7,33.3,48.4,21.5,21.5,8.6,0.242,Steven Kwan
"Mateo, Jorge",622761,2026,30,,,,3,,,0.286,0.333,0.429,0.762,0.143,0.25,0.366,0.295,0.3,0.339,94.7,11.3,43.8,12.5,50.0,64.4,41.2,34.8,52.0,80.0,78.9,46.4,56.3,31.3,12.5,43.8,25.0,31.3,0.0,0.467,Jorge Mateo
"Pham, Tommy",502054,2026,14,,,,0,,,0.0,0.071,0.0,0.071,0.0,0.099,0.117,0.138,0.163,0.051,91.7,10.5,16.7,0.0,33.3,58.1,31.0,37.0,45.0,100.0,77.8,33.3,33.3,16.7,50.0,50.0,33.3,16.7,0.0,0.0,Tommy Pham
"Wells, Austin",669224,2026,80,,,,4,,,0.179,0.333,0.284,0.617,0.105,0.23,0.37,0.332,0.377,0.286,90.8,13.8,26.4,5.7,43.4,66.0,26.0,25.7,45.4,69.6,80.4,60.0,49.1,20.8,30.2,45.3,32.1,17.0,5.7,0.196,Austin Wells
"Baldwin, Drake",686948,2026,134,,,,25,,,0.311,0.388,0.521,0.909,0.21,0.3,0.561,0.403,0.378,0.401,91.3,13.1,41.9,15.1,49.5,66.8,34.7,21.3,49.3,78.6,84.3,69.7,35.5,44.1,20.4,43.0,23.7,26.9,6.5,0.349,Drake Baldwin
"Brennan, Will",686823,2026,7,,,,0,,,0.0,0.0,0.0,0.0,0.0,0.084,0.094,0.076,0.084,0.0,83.9,14.5,0.0,0.0,16.7,75.0,60.0,6.7,65.2,,83.3,100.0,33.3,33.3,33.3,66.7,0.0,0.0,33.3,0.0,Will Brennan
"Suárez, Eugenio",553993,2026,100,,,,11,,,0.231,0.3,0.363,0.663,0.132,0.204,0.337,0.276,0.278,0.3,84.8,18.6,37.7,8.2,20.0,63.3,28.4,32.6,44.9,76.2,76.5,49.2,49.2,26.2,24.6,37.7,24.6,26.2,11.5,0.31,Eugenio Suárez
"Caissie, Owen",683357,2026,86,,,,14,,,0.207,0.256,0.354,0.61,0.147,0.205,0.369,0.28,0.263,0.269,91.4,15.7,44.4,13.3,46.7,61.5,30.8,36.7,45.1,66.7,78.5,37.1,22.2,55.6,22.2,37.8,24.4,33.3,4.4,0.349,Owen Caissie
"Caglianone, Jac",695506,2026,90,,,,4,,,0.263,0.344,0.425,0.769,0.162,0.271,0.456,0.355,0.352,0.345,95.3,3.8,37.7,17.0,54.7,61.7,30.2,32.2,44.7,70.8,80.0,46.3,32.1,50.9,17.0,45.3,20.8,32.1,1.9,0.373,Jac Caglianone
"Chisholm Jr., Jazz",665862,2026,109,,,,9,,,0.218,0.301,0.356,0.657,0.138,0.197,0.301,0.268,0.283,0.299,88.6,18.1,23.5,5.9,39.7,60.6,27.4,29.2,43.5,84.4,77.3,57.1,51.5,26.5,22.1,42.6,26.5,19.1,11.8,0.292,Jazz Chisholm Jr.
"Bailey, Patrick",672275,2026,74,,,,5,,,0.147,0.216,0.191,0.407,0.044,0.241,0.378,0.3,0.303,0.195,90.8,11.9,34.0,5.7,43.4,67.5,25.7,23.0,47.1,69.7,88.2,45.9,35.8,43.4,20.8,45.3,24.5,24.5,5.7,0.173,Patrick Bailey
"Altuve, Jose",514888,2026,120,,,,8,,,0.26,0.358,0.413,0.771,0.153,0.256,0.387,0.33,0.355,0.346,85.6,7.3,32.9,7.3,37.8,64.9,30.2,24.2,45.4,57.6,85.5,59.5,43.9,48.8,7.3,50.0,17.1,24.4,8.5,0.304,Jose Altuve
"Marsee, Jakob",805300,2026,126,,,,8,,,0.191,0.313,0.282,0.595,0.091,0.204,0.291,0.289,0.325,0.282,88.1,17.4,28.6,2.4,39.3,55.9,19.7,13.9,37.3,76.3,94.6,63.6,47.6,32.1,20.2,38.1,26.2,25.0,10.7,0.241,Jakob Marsee
"Friedl, TJ",670770,2026,111,,,,5,,,0.188,0.278,0.26,0.538,0.072,0.186,0.248,0.249,0.28,0.254,86.4,18.1,24.0,2.7,26.7,57.7,27.6,22.3,42.2,55.2,94.0,45.8,32.0,41.3,26.7,49.3,24.0,17.3,9.3,0.239,TJ Friedl
"McKinstry, Zach",656716,2026,46,,,,5,,,0.209,0.261,0.326,0.587,0.117,0.209,0.294,0.249,0.261,0.264,85.8,13.0,33.3,3.0,24.2,67.9,26.6,15.5,50.8,84.2,90.8,61.9,51.5,21.2,27.3,48.5,24.2,21.2,6.1,0.25,Zach McKinstry
"Thomas, Lane",657041,2026,64,,,,5,,,0.226,0.359,0.302,0.661,0.076,0.227,0.323,0.318,0.36,0.315,84.3,27.7,40.5,2.4,35.7,65.9,22.8,19.3,42.5,86.7,85.2,69.7,40.5,40.5,19.0,23.8,33.3,23.8,19.0,0.268,Lane Thomas
"Smith, Will",669257,2026,89,,,,14,,,0.25,0.319,0.369,0.688,0.119,0.248,0.452,0.344,0.323,0.311,88.7,19.6,37.7,13.0,36.2,62.6,19.8,15.1,40.7,71.9,89.1,72.1,27.5,43.5,29.0,31.9,39.1,21.7,7.2,0.273,Will Smith
"Langeliers, Shea",669127,2026,122,,,,14,,,0.304,0.361,0.563,0.924,0.259,0.296,0.555,0.386,0.354,0.399,93.1,18.7,39.5,12.3,49.4,74.5,35.7,25.6,53.1,70.0,87.7,51.6,35.8,34.6,29.6,32.1,33.3,25.9,8.6,0.356,Shea Langeliers
"Thomas, Alek",677950,2026,80,,,,10,,,0.213,0.253,0.4,0.653,0.187,0.243,0.426,0.306,0.282,0.287,90.6,10.2,35.0,8.3,45.0,72.7,42.1,26.0,56.4,82.4,89.2,50.8,30.0,35.0,35.0,45.0,26.7,21.7,6.7,0.246,Alek Thomas
"Jiménez, Leo",677870,2026,17,,,,0,,,0.231,0.412,0.231,0.643,0.0,0.237,0.258,0.336,0.416,0.328,86.1,-6.2,18.2,0.0,27.3,62.1,16.7,12.5,36.9,0.0,94.4,66.7,18.2,63.6,18.2,72.7,0.0,18.2,9.1,0.273,Leo Jiménez
"Beavers, Dylan",687637,2026,78,,,,8,,,0.243,0.308,0.371,0.679,0.128,0.24,0.387,0.304,0.305,0.305,87.5,16.1,31.5,5.6,38.9,67.7,23.5,22.5,45.9,85.7,83.2,60.5,42.6,33.3,24.1,48.1,24.1,18.5,9.3,0.288,Dylan Beavers
"Buxton, Byron",621439,2026,115,,,,7,,,0.229,0.292,0.45,0.742,0.221,0.216,0.423,0.305,0.279,0.325,88.2,24.3,34.2,15.8,46.1,72.1,35.2,32.9,52.7,82.6,81.3,40.7,44.7,31.6,23.7,25.0,36.8,22.4,15.8,0.271,Byron Buxton
"Cook, Billy",695257,2026,11,,,,0,,,0.273,0.273,0.273,0.546,0.0,0.179,0.209,0.168,0.179,0.246,82.6,2.9,14.3,0.0,14.3,72.2,63.2,36.0,67.6,,69.2,58.3,28.6,28.6,42.9,71.4,14.3,14.3,0.0,0.429,Billy Cook
"Butler, Lawrence",671732,2026,95,,,,9,,,0.186,0.263,0.279,0.542,0.093,0.253,0.354,0.3,0.324,0.247,90.2,4.9,27.9,4.9,49.2,67.6,27.2,29.4,47.1,75.0,76.8,55.8,32.8,39.3,27.9,52.5,19.7,23.0,4.9,0.237,Lawrence Butler
"Wood, James",695578,2026,141,,,,21,,,0.243,0.404,0.568,0.972,0.325,0.275,0.657,0.446,0.429,0.41,96.8,9.8,37.3,29.9,64.2,53.1,21.4,34.4,36.0,61.2,78.5,38.2,26.9,35.8,37.3,41.8,29.9,26.9,1.5,0.298,James Wood
"Torrens, Luis",620443,2026,27,,,,4,,,0.222,0.222,0.296,0.518,0.074,0.271,0.366,0.274,0.271,0.228,90.5,9.1,36.4,0.0,59.1,70.2,40.7,28.1,53.8,90.0,81.8,58.3,40.9,36.4,22.7,50.0,13.6,31.8,4.5,0.273,Luis Torrens
"De La Cruz, Elly",682829,2026,126,,,,20,,,0.274,0.349,0.558,0.907,0.284,0.28,0.549,0.388,0.356,0.394,95.9,14.9,32.5,16.9,55.8,56.9,23.6,31.9,39.6,73.8,80.1,41.3,33.8,44.2,22.1,46.8,31.2,20.8,1.3,0.324,Elly De La Cruz
"Carter, Evan",694497,2026,102,,,,9,,,0.202,0.327,0.357,0.684,0.155,0.225,0.377,0.325,0.346,0.314,89.5,21.0,38.1,9.5,41.3,57.3,20.2,25.6,39.3,69.7,83.3,47.6,34.9,42.9,22.2,33.3,33.3,23.8,9.5,0.246,Evan Carter
"Sanoja, Javier",691594,2026,62,,,,9,,,0.317,0.379,0.367,0.746,0.05,0.239,0.288,0.273,0.308,0.341,87.9,9.8,28.3,1.9,34.0,55.1,38.7,13.1,46.3,66.7,88.1,85.4,45.3,34.0,20.8,50.9,18.9,22.6,7.5,0.358,Javier Sanoja
"Meidroth, Chase",805367,2026,116,,,,3,,,0.262,0.342,0.34,0.682,0.078,0.24,0.343,0.305,0.326,0.313,88.4,9.3,31.3,5.0,37.5,49.4,23.7,17.1,36.7,60.5,85.8,76.7,40.0,27.5,32.5,51.2,21.3,22.5,5.0,0.338,Chase Meidroth
"Call, Alex",669743,2026,32,,,,2,,,0.308,0.455,0.385,0.84,0.077,0.307,0.366,0.38,0.454,0.393,85.3,12.5,30.4,0.0,21.7,60.3,17.1,5.3,38.3,100.0,100.0,76.9,47.8,30.4,21.7,43.5,21.7,21.7,13.0,0.348,Alex Call
"House, Brady",691781,2026,110,,,,10,,,0.235,0.291,0.363,0.654,0.128,0.234,0.39,0.3,0.29,0.294,89.7,3.5,28.4,11.9,43.3,71.0,31.1,33.3,49.8,72.7,72.5,54.9,28.4,47.8,23.9,55.2,25.4,19.4,0.0,0.328,Brady House
"Rumfield, TJ",681198,2026,113,,,,16,,,0.25,0.327,0.4,0.727,0.15,0.268,0.441,0.342,0.343,0.326,86.3,12.3,37.3,8.4,38.6,75.7,30.4,20.5,50.5,82.8,92.3,54.2,49.4,30.1,20.5,42.2,26.5,26.5,4.8,0.275,TJ Rumfield
"Anthony, Roman",701350,2026,101,,,,4,,,0.218,0.358,0.31,0.668,0.092,0.255,0.389,0.351,0.39,0.314,92.6,8.2,41.4,10.3,48.3,52.1,22.2,30.7,36.6,43.3,83.3,38.5,32.8,43.1,24.1,48.3,22.4,27.6,1.7,0.316,Roman Anthony
"Shaw, Matt",807713,2026,70,,,,9,,,0.292,0.338,0.462,0.8,0.17,0.279,0.421,0.325,0.326,0.351,87.0,12.4,37.0,7.4,31.5,63.8,37.7,18.9,50.4,52.6,86.4,72.7,29.6,35.2,35.2,42.6,24.1,27.8,5.6,0.333,Matt Shaw
"Tatis Jr., Fernando",665487,2026,118,,,,12,,,0.257,0.336,0.295,0.631,0.038,0.28,0.417,0.358,0.37,0.29,94.6,2.6,38.0,12.7,67.1,71.2,27.4,29.2,47.4,80.8,85.1,39.7,21.5,44.3,34.2,50.6,19.0,27.8,2.5,0.346,Fernando Tatis Jr.
"Grichuk, Randal",545341,2026,33,,,,2,,,0.194,0.212,0.323,0.535,0.129,0.244,0.47,0.314,0.264,0.231,89.7,18.9,50.0,18.2,54.5,59.0,35.6,28.1,47.5,50.0,77.8,61.9,40.9,36.4,22.7,40.9,36.4,18.2,4.5,0.273,Randal Grichuk
"Smith, Cam",701358,2026,115,,,,12,,,0.216,0.316,0.361,0.677,0.145,0.258,0.443,0.349,0.353,0.307,89.4,9.4,31.9,14.5,44.9,62.8,31.4,29.8,46.3,70.0,82.8,47.5,29.0,40.6,30.4,43.5,29.0,23.2,4.3,0.273,Cam Smith
"Reyes, Felix",694025,2026,18,,,,1,,,0.167,0.167,0.333,0.5,0.166,0.245,0.332,0.248,0.245,0.215,91.4,6.5,40.0,0.0,26.7,73.1,58.1,21.6,64.9,60.0,94.7,61.1,46.7,40.0,13.3,40.0,26.7,33.3,0.0,0.143,Felix Reyes
"O'Hearn, Ryan",656811,2026,109,,,,16,,,0.316,0.407,0.484,0.891,0.168,0.304,0.497,0.394,0.403,0.392,90.8,10.8,33.8,7.8,49.4,58.1,30.6,20.3,43.4,58.6,86.8,67.9,41.6,32.5,26.0,45.5,26.0,27.3,1.3,0.356,Ryan O'Hearn
"Huff, Sam",669087,2026,9,,,,1,,,0.222,0.222,0.333,0.555,0.111,0.106,0.209,0.132,0.106,0.242,100.2,22.5,25.0,25.0,75.0,84.2,31.6,45.5,57.9,100.0,62.5,33.3,75.0,25.0,0.0,25.0,50.0,25.0,0.0,0.5,Sam Huff
"Hays, Austin",669720,2026,33,,,,6,,,0.219,0.242,0.344,0.586,0.125,0.26,0.347,0.264,0.283,0.246,85.1,-2.8,25.0,5.0,55.0,70.9,37.5,42.4,52.0,55.6,76.9,29.6,50.0,35.0,15.0,60.0,15.0,25.0,0.0,0.316,Austin Hays
"Kelly, Carson",608348,2026,83,,,,10,,,0.314,0.422,0.457,0.879,0.143,0.279,0.471,0.38,0.392,0.397,91.3,15.4,32.1,12.5,50.0,63.4,24.9,22.6,42.2,70.0,90.0,51.2,41.1,33.9,25.0,41.1,23.2,25.0,10.7,0.37,Carson Kelly
"Shewmake, Braden",669699,2026,5,,,,1,,,0.2,0.2,0.8,1.0,0.6,0.178,0.639,0.335,0.178,0.415,85.7,29.1,25.0,25.0,25.0,80.0,58.3,20.0,68.2,50.0,87.5,71.4,50.0,50.0,0.0,25.0,75.0,0.0,0.0,0.0,Braden Shewmake
"Ozuna, Marcell",542303,2026,97,,,,8,,,0.161,0.228,0.247,0.475,0.086,0.226,0.405,0.304,0.288,0.221,89.0,24.7,36.4,9.1,39.4,61.8,27.7,27.5,44.3,72.2,84.4,47.5,39.4,31.8,28.8,27.3,27.3,25.8,19.7,0.203,Marcell Ozuna
"Garcia, Maikel",672580,2026,112,,,,10,,,0.263,0.339,0.384,0.723,0.121,0.272,0.389,0.339,0.353,0.326,89.8,11.5,33.8,8.8,43.8,54.0,20.4,16.7,36.8,61.9,93.1,58.7,40.0,38.8,21.3,42.5,23.8,25.0,8.8,0.308,Maikel Garcia
"Brito, Juan",682877,2026,56,,,,3,,,0.176,0.25,0.255,0.505,0.079,0.205,0.287,0.257,0.276,0.236,84.3,14.2,29.4,2.9,32.4,63.6,35.2,32.5,48.5,76.9,80.0,47.7,50.0,38.2,11.8,44.1,14.7,23.5,17.6,0.265,Juan Brito
"Langford, Wyatt",694671,2026,84,,,,4,,,0.237,0.274,0.362,0.636,0.125,0.249,0.356,0.282,0.285,0.282,90.8,13.2,26.2,4.9,37.7,65.8,29.4,25.0,47.1,68.0,84.0,56.0,31.1,37.7,31.1,45.9,21.3,21.3,11.5,0.3,Wyatt Langford
"Loperfido, Joey",694388,2026,66,,,,7,,,0.276,0.348,0.362,0.71,0.086,0.232,0.302,0.28,0.31,0.323,90.0,7.6,35.0,5.0,40.0,66.7,31.2,35.9,48.5,76.5,71.6,48.8,32.5,45.0,22.5,65.0,15.0,17.5,2.5,0.4,Joey Loperfido
"Matos, Luis",682641,2026,21,,,,0,,,0.2,0.238,0.2,0.438,0.0,0.099,0.136,0.13,0.142,0.206,84.1,19.8,7.7,0.0,23.1,73.3,52.4,31.8,61.1,57.1,86.4,50.0,38.5,46.2,15.4,53.8,7.7,7.7,30.8,0.308,Luis Matos
"Fermín, José",665877,2026,32,,,,2,,,0.276,0.333,0.448,0.781,0.172,0.219,0.301,0.272,0.292,0.341,87.2,24.3,17.4,0.0,47.8,48.8,20.0,15.1,35.3,37.5,84.6,85.7,52.2,26.1,21.7,34.8,26.1,21.7,17.4,0.318,José Fermín
"Johnson, Daniel",669288,2026,10,,,,0,,,0.125,0.3,0.125,0.425,0.0,0.208,0.245,0.303,0.366,0.235,90.7,21.4,16.7,0.0,33.3,58.3,26.3,16.7,38.7,50.0,100.0,60.0,33.3,50.0,16.7,50.0,16.7,16.7,16.7,0.167,Daniel Johnson
"Arraez, Luis",650333,2026,115,,,,8,,,0.314,0.345,0.371,0.716,0.057,0.305,0.374,0.315,0.338,0.32,86.2,13.7,34.3,0.0,17.1,66.5,29.8,7.8,49.4,73.8,93.6,88.5,30.5,38.1,31.4,46.7,25.7,21.9,5.7,0.32,Luis Arraez
"Dingler, Dillon",693307,2026,96,,,,19,,,0.238,0.319,0.464,0.783,0.226,0.319,0.636,0.437,0.392,0.347,91.6,8.6,42.6,19.1,54.4,65.9,34.1,22.3,49.3,70.0,87.5,58.7,42.6,39.7,17.6,48.5,26.5,23.5,1.5,0.238,Dillon Dingler
"Durbin, Caleb",702332,2026,100,,,,10,,,0.174,0.269,0.272,0.541,0.098,0.218,0.285,0.276,0.309,0.254,86.3,4.3,23.4,1.3,32.5,59.0,22.5,15.2,40.9,65.5,87.8,76.7,45.5,39.0,15.6,64.9,13.0,16.9,5.2,0.197,Caleb Durbin
"Ritter, Ryan",690022,2026,7,,,,0,,,0.143,0.143,0.143,0.286,0.0,0.167,0.214,0.166,0.167,0.129,90.6,29.6,50.0,0.0,25.0,92.9,45.5,33.3,72.0,100.0,69.2,60.0,0.0,75.0,25.0,0.0,50.0,50.0,0.0,0.25,Ryan Ritter
"Cortes, Carlos",666126,2026,67,,,,13,,,0.377,0.433,0.689,1.122,0.312,0.386,0.648,0.466,0.443,0.482,92.0,5.7,40.4,15.8,52.6,68.8,23.7,14.8,46.2,70.8,87.4,78.8,29.8,45.6,24.6,47.4,19.3,29.8,3.5,0.358,Carlos Cortes
"Del Castillo, Adrian",680728,2026,48,,,,10,,,0.234,0.25,0.362,0.612,0.128,0.235,0.399,0.28,0.252,0.269,87.4,11.7,35.3,5.9,35.3,68.1,31.1,25.8,48.5,76.2,79.7,63.6,26.5,50.0,23.5,41.2,26.5,26.5,5.9,0.303,Adrian Del Castillo
"Monasterio, Andruw",655316,2026,45,,,,8,,,0.244,0.311,0.415,0.726,0.171,0.277,0.443,0.343,0.341,0.323,91.4,19.3,45.5,9.1,48.5,62.3,27.0,18.9,46.2,64.3,89.4,58.3,42.4,33.3,24.2,36.4,30.3,24.2,9.1,0.281,Andruw Monasterio
"Tovar, Ezequiel",678662,2026,110,,,,6,,,0.2,0.236,0.305,0.541,0.105,0.236,0.378,0.283,0.271,0.243,87.8,15.6,43.1,8.3,37.5,82.4,48.0,31.3,63.7,85.2,76.1,57.9,40.3,38.9,20.8,36.1,27.8,29.2,6.9,0.282,Ezequiel Tovar
"Pauley, Graham",688363,2026,64,,,,9,,,0.217,0.254,0.367,0.621,0.15,0.157,0.244,0.197,0.197,0.274,84.5,18.4,29.5,4.5,20.5,64.6,23.5,24.1,43.6,73.7,84.5,53.1,47.7,36.4,15.9,43.2,31.8,15.9,9.1,0.286,Graham Pauley
"Hayes, Ke'Bryan",663647,2026,76,,,,1,,,0.114,0.184,0.2,0.384,0.086,0.242,0.436,0.322,0.305,0.181,90.8,19.7,38.3,11.7,38.3,57.0,28.5,20.4,41.9,55.6,95.7,51.3,21.7,48.3,30.0,31.7,35.0,26.7,6.7,0.119,Ke'Bryan Hayes
"Herrera, Iván",671056,2026,124,,,,13,,,0.232,0.398,0.404,0.802,0.172,0.277,0.473,0.395,0.434,0.359,90.0,9.8,30.9,9.9,46.9,60.6,26.4,19.4,41.7,69.2,89.8,63.5,37.0,35.8,27.2,48.1,23.5,19.8,8.6,0.247,Iván Herrera
"Higgins, P.J.",664731,2026,12,,,,1,,,0.2,0.25,0.2,0.45,0.0,0.307,0.337,0.301,0.344,0.209,79.5,21.0,57.1,0.0,0.0,50.0,14.3,25.0,34.0,0.0,92.3,0.0,42.9,28.6,28.6,28.6,14.3,42.9,14.3,0.286,P.J. Higgins
"Tolbert, Tyler",686475,2026,5,,,,0,,,0.2,0.2,0.2,0.4,0.0,0.241,0.264,0.224,0.241,0.18,80.7,-26.5,0.0,0.0,50.0,100.0,16.7,22.2,64.3,100.0,87.5,0.0,50.0,50.0,0.0,100.0,0.0,0.0,0.0,0.25,Tyler Tolbert
"Bleday, JJ",668709,2026,2,,,,1,,,1.0,1.0,4.0,5.0,3.0,0.8,3.089,1.151,0.9,1.391,104.3,30.3,100.0,100.0,100.0,50.0,25.0,50.0,33.3,,100.0,0.0,0.0,100.0,0.0,0.0,100.0,0.0,0.0,0.0,JJ Bleday
"Rafaela, Ceddanne",678882,2026,97,,,,10,,,0.275,0.347,0.396,0.743,0.121,0.243,0.36,0.304,0.319,0.335,89.3,10.5,37.7,7.2,42.0,64.7,33.8,28.0,48.6,90.5,79.0,59.7,37.7,36.2,26.1,42.0,18.8,31.9,7.2,0.353,Ceddanne Rafaela
"Fry, David",681807,2026,41,,,,1,,,0.222,0.364,0.333,0.697,0.111,0.177,0.26,0.283,0.327,0.328,88.2,23.2,38.1,9.5,38.1,62.2,23.3,31.3,40.3,66.7,73.2,59.3,61.9,28.6,9.5,23.8,42.9,23.8,9.5,0.35,David Fry
"Mead, Curtis",678554,2026,64,,,,10,,,0.175,0.266,0.386,0.652,0.211,0.241,0.424,0.331,0.324,0.291,88.4,11.0,21.7,8.7,43.5,58.1,27.9,15.0,42.6,57.1,93.3,68.4,56.5,21.7,21.7,45.7,26.1,17.4,10.9,0.163,Curtis Mead
"Crawford, Justin",702222,2026,87,,,,3,,,0.244,0.322,0.333,0.655,0.089,0.24,0.31,0.288,0.319,0.301,89.0,-1.9,29.5,1.6,37.7,62.8,35.6,21.9,49.5,77.3,87.8,60.4,26.2,37.7,36.1,62.3,14.8,19.7,3.3,0.311,Justin Crawford
"Arozarena, Randy",668227,2026,122,,,,11,,,0.287,0.373,0.417,0.79,0.13,0.263,0.394,0.338,0.359,0.355,89.6,6.6,38.6,7.2,37.3,58.7,33.3,26.1,45.0,75.0,76.8,69.6,34.9,33.7,31.3,51.8,20.5,25.3,2.4,0.358,Randy Arozarena
"Vargas, Miguel",678246,2026,121,,,,13,,,0.208,0.352,0.446,0.798,0.238,0.237,0.475,0.374,0.376,0.356,89.0,18.3,41.5,13.4,43.9,68.8,16.5,18.7,41.2,70.0,81.8,79.5,40.2,36.6,23.2,32.9,36.6,23.2,7.3,0.197,Miguel Vargas
"Trout, Mike",545361,2026,130,,,,20,,,0.243,0.422,0.553,0.975,0.31,0.295,0.733,0.49,0.463,0.421,92.7,20.7,35.1,26.0,51.9,59.0,16.8,20.0,36.1,54.1,89.2,52.8,41.6,32.5,26.0,33.8,41.6,18.2,6.5,0.235,Mike Trout
"Happ, Ian",664023,2026,120,,,,14,,,0.236,0.347,0.472,0.819,0.236,0.203,0.435,0.33,0.319,0.36,89.8,11.9,30.4,14.5,40.6,60.6,26.8,35.2,43.4,76.2,76.7,38.8,47.8,30.4,21.7,43.5,33.3,18.8,4.3,0.29,Ian Happ
"Rojas, Miguel",500743,2026,46,,,,5,,,0.349,0.383,0.488,0.871,0.139,0.287,0.4,0.321,0.33,0.382,88.9,11.6,42.1,7.9,39.5,68.2,33.0,25.0,47.5,58.3,80.0,67.7,39.5,31.6,28.9,42.1,15.8,31.6,10.5,0.389,Miguel Rojas
"Lopez, Otto",672640,2026,114,,,,12,,,0.312,0.356,0.486,0.842,0.174,0.29,0.463,0.347,0.336,0.369,92.7,5.9,27.6,10.3,51.7,61.8,32.3,23.4,46.9,78.1,90.1,51.4,35.6,40.2,24.1,50.6,25.3,23.0,1.1,0.369,Otto Lopez
"Refsnyder, Rob",608701,2026,38,,,,3,,,0.135,0.214,0.297,0.511,0.162,0.204,0.397,0.321,0.291,0.231,87.8,28.1,31.0,10.3,41.4,68.8,18.3,21.4,43.2,63.6,85.5,53.3,34.5,37.9,27.6,24.1,34.5,20.7,20.7,0.111,Rob Refsnyder
"Lowe, Nathaniel",663993,2026,48,,,,10,,,0.256,0.333,0.605,0.938,0.349,0.309,0.58,0.411,0.384,0.402,91.6,11.9,48.6,11.4,51.4,69.9,25.7,18.0,47.2,72.2,86.1,71.4,51.4,28.6,20.0,40.0,25.7,34.3,0.0,0.226,Nathaniel Lowe
"Stephenson, Tyler",663886,2026,77,,,,6,,,0.156,0.286,0.266,0.552,0.11,0.21,0.388,0.328,0.337,0.263,95.2,23.3,36.6,12.2,56.1,66.7,16.4,29.2,42.8,90.0,80.4,28.0,29.3,36.6,34.1,26.8,41.5,26.8,4.9,0.205,Tyler Stephenson
"Keith, Colt",690993,2026,86,,,,6,,,0.317,0.349,0.402,0.751,0.085,0.3,0.485,0.353,0.333,0.336,94.3,11.6,32.8,7.8,54.7,59.4,21.0,23.7,40.7,80.0,87.1,44.1,43.8,37.5,18.8,48.4,25.0,21.9,4.7,0.406,Colt Keith
"Conforto, Michael",624424,2026,32,,,,5,,,0.308,0.441,0.423,0.864,0.115,0.31,0.465,0.403,0.445,0.391,94.5,12.1,58.8,5.9,47.1,67.2,24.1,34.5,42.3,88.9,79.5,36.8,47.1,35.3,17.6,41.2,17.6,41.2,0.0,0.471,Michael Conforto
"Fulford, Braxton",690924,2026,5,,,,2,,,0.4,0.4,1.0,1.4,0.6,0.101,0.17,0.115,0.101,0.595,90.2,31.7,0.0,0.0,66.7,60.0,50.0,60.0,52.6,100.0,66.7,28.6,33.3,33.3,33.3,33.3,33.3,0.0,33.3,0.5,Braxton Fulford
"Dubón, Mauricio",643289,2026,106,,,,14,,,0.283,0.33,0.434,0.764,0.151,0.25,0.389,0.303,0.3,0.339,87.0,17.9,35.0,7.5,31.3,64.0,32.5,17.4,47.7,85.2,90.8,67.7,28.7,41.3,30.0,35.0,30.0,25.0,10.0,0.333,Mauricio Dubón
"Hamilton, David",666152,2026,80,,,,5,,,0.234,0.355,0.25,0.605,0.016,0.211,0.288,0.295,0.336,0.295,85.2,9.2,13.2,3.8,26.4,62.3,32.6,19.9,46.3,54.2,92.6,59.6,37.7,30.2,32.1,66.0,22.6,7.5,3.8,0.3,David Hamilton
"Bichette, Bo",666182,2026,123,,,,12,,,0.233,0.268,0.302,0.57,0.069,0.284,0.386,0.309,0.317,0.257,91.3,7.2,34.4,3.3,45.6,71.2,41.8,21.8,55.2,88.0,90.4,60.8,20.0,36.7,43.3,54.4,16.7,25.6,3.3,0.292,Bo Bichette
"Marte, Noelvi",682622,2026,31,,,,0,,,0.138,0.194,0.138,0.332,0.0,0.133,0.149,0.161,0.189,0.162,84.9,-0.8,5.3,0.0,31.6,68.1,47.4,31.9,55.2,83.3,87.5,51.4,52.6,36.8,10.5,84.2,10.5,0.0,5.3,0.211,Noelvi Marte
"García Jr., Luis",671277,2026,96,,,,16,,,0.253,0.281,0.363,0.644,0.11,0.276,0.44,0.324,0.305,0.285,91.7,12.4,28.2,6.4,43.6,66.1,40.8,15.7,53.3,73.1,91.7,72.5,29.5,42.3,28.2,47.4,21.8,24.4,6.4,0.286,Luis García Jr.
"McGonigle, Kevin",805808,2026,123,,,,12,,,0.33,0.423,0.528,0.951,0.198,0.312,0.578,0.423,0.407,0.419,89.2,19.0,46.2,14.3,41.8,65.5,20.7,12.0,41.7,67.7,90.9,80.0,41.8,37.4,20.9,28.6,36.3,29.7,5.5,0.371,Kevin McGonigle
"Vaughn, Andrew",683734,2026,4,,,,1,,,0.25,0.25,0.25,0.5,0.0,0.233,0.265,0.224,0.233,0.226,83.2,-8.3,0.0,0.0,0.0,60.0,37.5,16.7,46.2,100.0,100.0,66.7,50.0,50.0,0.0,100.0,0.0,0.0,0.0,0.25,Andrew Vaughn
"McNeil, Jeff",643446,2026,96,,,,6,,,0.286,0.358,0.381,0.739,0.095,0.3,0.383,0.34,0.372,0.335,87.2,11.8,39.2,1.4,36.5,81.6,30.8,17.2,55.6,92.6,90.1,64.3,36.5,35.1,28.4,44.6,13.5,33.8,8.1,0.319,Jeff McNeil
"Lewis, Royce",668904,2026,65,,,,10,,,0.196,0.308,0.393,0.701,0.197,0.215,0.357,0.308,0.323,0.317,88.7,13.2,33.3,11.1,41.7,61.1,29.4,32.4,43.4,75.0,82.6,42.9,44.4,41.7,13.9,36.1,30.6,22.2,11.1,0.242,Royce Lewis
"Matthews, Brice",694728,2026,50,,,,5,,,0.136,0.224,0.273,0.497,0.137,0.165,0.299,0.247,0.25,0.23,85.8,5.5,40.0,8.0,32.0,65.8,21.6,38.2,43.8,78.9,75.3,20.0,64.0,28.0,8.0,44.0,20.0,32.0,4.0,0.217,Brice Matthews
"Moore, Dylan",664238,2026,14,,,,0,,,0.0,0.214,0.0,0.214,0.0,0.105,0.194,0.252,0.297,0.152,91.3,41.6,50.0,0.0,33.3,62.9,22.0,22.6,40.8,100.0,81.8,66.7,0.0,83.3,16.7,0.0,50.0,16.7,33.3,0.0,Dylan Moore
"Contreras, William",661388,2026,110,,,,14,,,0.263,0.336,0.384,0.72,0.121,0.265,0.415,0.33,0.339,0.322,89.5,12.2,25.6,7.0,43.0,67.0,26.5,16.9,44.9,82.4,90.3,67.8,40.7,33.7,25.6,41.9,22.1,23.3,12.8,0.286,William Contreras
"Moreno, Gabriel",672515,2026,45,,,,5,,,0.275,0.333,0.4,0.733,0.125,0.257,0.426,0.336,0.33,0.326,87.4,23.1,36.4,9.1,42.4,57.0,39.7,24.2,46.7,55.6,82.2,69.6,42.4,18.2,39.4,21.2,39.4,30.3,9.1,0.333,Gabriel Moreno
"Osuna, Alejandro",696030,2026,7,,,,0,,,0.5,0.625,0.5,1.125,0.0,0.529,0.614,0.55,0.646,0.515,87.2,20.8,66.7,0.0,33.3,75.0,20.0,8.3,44.4,50.0,88.9,100.0,0.0,100.0,0.0,16.7,0.0,66.7,16.7,0.5,Alejandro Osuna
"Goldschmidt, Paul",502671,2026,33,,,,4,,,0.179,0.303,0.429,0.732,0.25,0.277,0.549,0.405,0.387,0.326,88.2,7.8,45.0,25.0,50.0,65.3,27.8,14.5,46.9,84.6,89.8,75.0,30.0,50.0,20.0,50.0,15.0,30.0,5.0,0.211,Paul Goldschmidt
"Higashioka, Kyle",543309,2026,42,,,,3,,,0.22,0.304,0.317,0.621,0.097,0.217,0.36,0.296,0.302,0.287,91.7,21.4,35.7,14.3,42.9,59.1,26.8,32.1,42.2,63.6,78.8,46.2,32.1,46.4,21.4,32.1,32.1,28.6,7.1,0.296,Kyle Higashioka
"Freeman, Tyler",671289,2026,57,,,,7,,,0.271,0.352,0.292,0.644,0.021,0.284,0.367,0.331,0.363,0.305,86.7,11.1,29.5,0.0,29.5,69.4,34.3,13.6,51.5,94.4,89.7,80.0,36.4,43.2,20.5,54.5,18.2,25.0,2.3,0.317,Tyler Freeman
"Barger, Addison",680718,2026,23,,,,2,,,0.053,0.174,0.105,0.279,0.052,0.124,0.184,0.231,0.248,0.148,90.7,17.8,21.4,0.0,50.0,58.8,41.7,24.4,47.9,100.0,90.0,64.0,28.6,50.0,21.4,35.7,50.0,14.3,0.0,0.071,Addison Barger
"Church, Nathan",701675,2026,74,,,,13,,,0.254,0.295,0.479,0.774,0.225,0.238,0.432,0.307,0.282,0.334,86.7,12.9,37.0,11.1,37.0,62.8,43.8,23.4,52.7,73.3,84.0,67.2,42.6,29.6,27.8,48.1,25.9,20.4,5.6,0.265,Nathan Church
"Jansen, Danny",643376,2026,69,,,,6,,,0.203,0.271,0.313,0.584,0.11,0.175,0.269,0.234,0.245,0.267,87.1,23.3,26.8,4.9,31.7,65.7,24.1,28.1,45.1,53.8,81.9,44.1,48.8,29.3,22.0,39.0,17.1,19.5,24.4,0.3,Danny Jansen
"Varsho, Daulton",662139,2026,96,,,,8,,,0.239,0.309,0.398,0.707,0.159,0.252,0.359,0.3,0.321,0.313,84.7,16.3,33.3,5.6,33.3,79.5,33.7,18.7,56.9,76.9,87.1,67.2,43.1,36.1,20.8,37.5,22.2,30.6,9.7,0.261,Daulton Varsho
"Jeffers, Ryan",680777,2026,83,,,,16,,,0.282,0.414,0.465,0.879,0.183,0.259,0.476,0.385,0.396,0.391,91.0,23.2,33.3,14.0,42.1,57.9,22.8,18.0,39.1,68.8,88.3,68.1,36.8,33.3,29.8,29.8,33.3,22.8,14.0,0.315,Ryan Jeffers
"Acuña, Luisangel",682668,2026,75,,,,3,,,0.179,0.243,0.194,0.437,0.015,0.235,0.304,0.269,0.294,0.209,88.1,2.9,13.6,3.4,37.3,70.9,31.0,22.7,48.0,76.9,89.2,57.1,27.1,47.5,25.4,62.7,20.3,11.9,5.1,0.207,Luisangel Acuña
"Devers, Rafael",646240,2026,117,,,,10,,,0.216,0.256,0.306,0.562,0.09,0.224,0.357,0.269,0.264,0.25,89.9,11.5,33.3,8.0,44.0,74.5,31.6,31.9,53.2,76.7,68.6,67.1,30.7,49.3,20.0,41.3,28.0,25.3,5.3,0.301,Rafael Devers
"Allen, Nick",669397,2026,22,,,,0,,,0.25,0.318,0.3,0.618,0.05,0.226,0.272,0.262,0.296,0.287,86.5,12.9,20.0,0.0,26.7,65.9,11.5,30.0,44.8,80.0,74.1,33.3,46.7,53.3,0.0,53.3,20.0,20.0,6.7,0.333,Nick Allen
"Correa, Carlos",621043,2026,112,,,,14,,,0.281,0.375,0.417,0.792,0.136,0.294,0.462,0.37,0.386,0.354,89.2,7.2,35.4,10.1,40.5,62.0,29.2,20.8,44.0,63.6,84.1,70.7,41.8,30.4,27.8,49.4,13.9,31.6,5.1,0.325,Carlos Correa
"Garver, Mitch",641598,2026,35,,,,0,,,0.219,0.359,0.25,0.609,0.031,0.198,0.359,0.322,0.342,0.299,90.9,6.8,14.3,9.5,61.9,63.5,25.0,35.7,42.2,77.8,76.6,39.1,57.1,33.3,9.5,52.4,33.3,14.3,0.0,0.333,Mitch Garver
"Ruiz, Keibert",660688,2026,53,,,,9,,,0.2,0.226,0.34,0.566,0.14,0.172,0.289,0.213,0.201,0.248,88.2,16.2,25.0,4.5,38.6,60.4,33.0,15.7,46.8,50.0,93.1,67.7,56.8,25.0,18.2,45.5,36.4,11.4,6.8,0.209,Keibert Ruiz
"Walker, Jordan",691023,2026,111,,,,16,,,0.275,0.357,0.549,0.906,0.274,0.266,0.558,0.388,0.349,0.395,94.5,12.7,41.5,20.0,56.9,70.3,31.1,35.5,48.7,68.8,73.0,48.6,33.8,41.5,24.6,38.5,32.3,24.6,4.6,0.351,Jordan Walker
"Marsh, Brandon",669016,2026,96,,,,16,,,0.297,0.323,0.473,0.796,0.176,0.29,0.468,0.337,0.317,0.348,91.7,11.2,43.1,5.6,51.4,66.3,37.4,20.9,51.6,80.0,88.4,63.1,37.5,33.3,29.2,47.2,27.8,25.0,0.0,0.338,Brandon Marsh
"Ballesteros, Moisés",694208,2026,65,,,,12,,,0.387,0.435,0.71,1.145,0.323,0.302,0.537,0.383,0.358,0.487,92.0,13.1,41.2,13.7,56.9,71.8,34.2,23.8,50.2,88.9,86.1,60.8,37.3,31.4,31.4,41.2,29.4,25.5,3.9,0.413,Moisés Ballesteros
"Hedges, Austin",595978,2026,36,,,,2,,,0.286,0.333,0.343,0.676,0.057,0.297,0.347,0.307,0.345,0.305,86.2,2.1,32.1,0.0,39.3,66.2,31.7,26.0,47.7,91.7,87.2,50.0,50.0,28.6,21.4,57.1,14.3,25.0,3.6,0.357,Austin Hedges
"Polanco, Jorge",593871,2026,61,,,,2,,,0.179,0.246,0.286,0.532,0.107,0.219,0.32,0.27,0.283,0.244,87.3,10.9,40.0,4.4,33.3,65.0,32.3,20.0,46.9,75.0,90.8,62.5,46.7,31.1,22.2,37.8,22.2,31.1,8.9,0.205,Jorge Polanco
"Fermin, Freddy",666023,2026,54,,,,3,,,0.17,0.293,0.234,0.527,0.064,0.187,0.269,0.279,0.316,0.255,87.2,13.8,25.0,0.0,38.9,75.0,32.1,30.7,49.1,83.3,85.5,44.4,44.4,33.3,22.2,41.7,27.8,22.2,8.3,0.222,Freddy Fermin
"Griffin, Konnor",804606,2026,84,,,,12,,,0.212,0.273,0.3,0.573,0.088,0.21,0.347,0.276,0.274,0.261,86.9,8.1,30.9,9.1,29.1,65.0,39.9,34.3,51.5,82.8,83.3,41.1,40.0,27.3,32.7,52.7,21.8,20.0,5.5,0.296,Konnor Griffin
"Kingery, Scott",664068,2026,4,,,,0,,,0.25,0.25,0.25,0.5,0.0,0.166,0.19,0.156,0.166,0.226,77.1,30.9,0.0,0.0,0.0,66.7,44.4,12.5,53.3,100.0,75.0,100.0,50.0,25.0,25.0,25.0,50.0,0.0,25.0,0.25,Scott Kingery
"Raley, Luke",670042,2026,85,,,,13,,,0.269,0.329,0.538,0.867,0.269,0.304,0.62,0.417,0.361,0.377,93.9,15.6,48.9,21.3,53.2,79.1,33.7,47.3,54.5,86.4,61.2,36.1,48.9,29.8,21.3,38.3,29.8,29.8,2.1,0.381,Luke Raley
"Outman, James",681546,2026,28,,,,0,,,0.115,0.179,0.192,0.371,0.077,0.128,0.178,0.173,0.19,0.174,83.2,25.9,18.8,0.0,25.0,76.7,22.4,35.1,52.3,85.7,71.7,36.4,56.3,6.3,37.5,37.5,18.8,12.5,31.3,0.188,James Outman
"Fraley, Jake",641584,2026,59,,,,4,,,0.245,0.322,0.453,0.775,0.208,0.22,0.415,0.314,0.3,0.342,86.5,25.5,46.2,10.3,25.6,66.9,21.1,18.9,44.4,85.7,91.8,46.2,43.6,25.6,30.8,23.1,33.3,28.2,15.4,0.297,Jake Fraley
"Lee, Brooks",686797,2026,95,,,,15,,,0.242,0.31,0.429,0.739,0.187,0.212,0.327,0.274,0.283,0.329,89.3,15.8,34.2,4.1,35.6,69.9,33.6,20.8,50.1,78.3,87.5,64.9,37.0,37.0,26.0,39.7,27.4,23.3,9.6,0.25,Brooks Lee
"Jones, Jahmai",663330,2026,31,,,,5,,,0.233,0.258,0.467,0.725,0.234,0.342,0.706,0.449,0.363,0.314,93.9,17.7,47.6,23.8,52.4,76.4,26.5,21.8,52.9,81.8,85.7,53.8,42.9,42.9,14.3,28.6,28.6,33.3,9.5,0.263,Jahmai Jones
"Mitchell, Garrett",669003,2026,87,,,,19,,,0.235,0.395,0.382,0.777,0.147,0.21,0.374,0.341,0.376,0.356,92.0,5.4,38.9,13.9,52.8,64.5,19.8,42.2,41.0,73.1,65.0,36.6,27.8,41.7,30.6,52.8,13.9,25.0,8.3,0.441,Garrett Mitchell
"Pérez, Wenceel",672761,2026,43,,,,1,,,0.098,0.14,0.171,0.311,0.073,0.226,0.44,0.301,0.262,0.144,90.9,18.4,27.0,10.8,48.6,76.8,21.5,10.0,47.3,87.5,98.1,64.7,45.9,32.4,21.6,40.5,32.4,13.5,13.5,0.083,Wenceel Pérez
"McCann, James",543510,2026,43,,,,4,,,0.195,0.214,0.268,0.482,0.073,0.169,0.284,0.206,0.189,0.216,90.5,9.7,24.1,6.9,37.9,58.0,46.7,34.4,52.0,57.1,85.1,44.2,10.3,69.0,20.7,58.6,20.7,17.2,3.4,0.286,James McCann
"Quero, Edgar",700337,2026,75,,,,4,,,0.169,0.286,0.185,0.471,0.016,0.186,0.233,0.263,0.307,0.236,89.8,4.9,19.2,0.0,26.9,71.1,26.5,24.5,46.8,78.3,84.4,55.8,38.5,42.3,19.2,61.5,23.1,15.4,0.0,0.22,Edgar Quero
"Harris II, Michael",671739,2026,100,,,,20,,,0.323,0.36,0.559,0.919,0.236,0.352,0.679,0.458,0.392,0.398,94.5,7.5,31.2,19.5,55.8,71.0,40.5,26.1,54.3,73.9,87.5,54.2,39.0,49.4,11.7,49.4,22.1,24.7,3.9,0.338,Michael Harris II
"Ward, Ryan",669899,2026,6,,,,1,,,0.333,0.333,0.333,0.666,0.0,0.314,0.369,0.299,0.314,0.301,84.1,35.4,60.0,0.0,0.0,70.0,12.5,0.0,44.4,0.0,100.0,100.0,20.0,40.0,40.0,0.0,20.0,60.0,20.0,0.4,Ryan Ward
"Olson, Matt",621566,2026,131,,,,25,,,0.296,0.374,0.609,0.983,0.313,0.251,0.58,0.385,0.335,0.419,92.1,17.7,34.1,17.6,48.2,61.2,26.8,23.8,43.1,66.0,81.4,65.4,35.3,37.6,27.1,38.8,34.1,15.3,11.8,0.338,Matt Olson
"Rosario, Amed",642708,2026,63,,,,13,,,0.263,0.302,0.526,0.828,0.263,0.274,0.574,0.381,0.322,0.351,90.9,12.7,31.3,12.5,39.6,73.4,39.1,25.6,55.8,84.6,83.8,57.8,37.5,43.8,18.8,43.8,27.1,20.8,8.3,0.25,Amed Rosario
"Bader, Harrison",664056,2026,55,,,,3,,,0.115,0.145,0.192,0.337,0.077,0.196,0.335,0.261,0.235,0.152,87.1,9.7,27.8,8.3,38.9,71.1,38.5,33.3,53.9,72.7,72.5,57.1,47.2,25.0,27.8,58.3,19.4,13.9,8.3,0.143,Harrison Bader
"Marte, Starling",516782,2026,31,,,,1,,,0.241,0.258,0.345,0.603,0.104,0.201,0.304,0.232,0.225,0.264,89.6,1.4,20.0,10.0,30.0,69.2,35.6,27.3,53.2,80.0,82.2,52.4,30.0,55.0,15.0,55.0,25.0,20.0,0.0,0.35,Starling Marte
"Lowe, Brandon",664040,2026,106,,,,19,,,0.24,0.336,0.51,0.846,0.27,0.243,0.429,0.34,0.339,0.371,87.1,15.8,31.9,11.6,42.0,66.8,31.4,37.3,48.2,63.3,76.6,36.0,43.5,30.4,26.1,37.7,29.0,18.8,14.5,0.258,Brandon Lowe
"Sánchez, Jesús",660821,2026,89,,,,15,,,0.268,0.315,0.463,0.778,0.195,0.314,0.53,0.375,0.358,0.333,93.3,10.6,35.8,10.4,52.2,72.4,38.7,23.3,55.0,86.7,83.7,64.3,28.4,41.8,29.9,43.3,25.4,28.4,3.0,0.286,Jesús Sánchez
"Laureano, Ramón",657656,2026,110,,,,18,,,0.255,0.322,0.451,0.773,0.196,0.253,0.464,0.34,0.321,0.338,89.5,10.6,33.3,13.9,45.8,76.6,31.4,28.6,53.6,85.7,81.4,48.0,36.1,37.5,26.4,41.7,36.1,19.4,2.8,0.324,Ramón Laureano
"Duran, Ezequiel",677649,2026,57,,,,8,,,0.268,0.328,0.393,0.721,0.125,0.234,0.314,0.277,0.298,0.324,91.6,16.7,25.0,4.5,38.6,64.2,33.3,30.3,47.6,77.8,85.3,43.9,31.8,31.8,36.4,50.0,18.2,20.5,11.4,0.326,Ezequiel Duran
"Paredes, Isaac",670623,2026,98,,,,14,,,0.233,0.327,0.384,0.711,0.151,0.214,0.314,0.287,0.31,0.323,88.2,25.8,33.3,2.9,27.5,63.0,29.0,18.9,45.4,74.1,87.8,67.7,58.0,26.1,15.9,27.5,34.8,24.6,13.0,0.258,Isaac Paredes
"Bogaerts, Xander",593428,2026,109,,,,16,,,0.284,0.36,0.422,0.782,0.138,0.298,0.46,0.365,0.372,0.352,89.4,11.1,35.2,6.8,39.8,63.6,24.4,21.1,43.3,83.3,85.5,63.0,45.5,30.7,23.9,45.5,27.3,21.6,5.7,0.298,Xander Bogaerts
"Narváez, Carlos",665966,2026,60,,,,2,,,0.246,0.27,0.377,0.647,0.131,0.222,0.353,0.26,0.247,0.286,92.9,13.3,38.6,9.1,47.7,68.8,36.0,25.9,54.2,80.0,86.3,45.0,18.2,52.3,29.5,40.9,27.3,27.3,4.5,0.317,Carlos Narváez
"Kayfus, CJ",692216,2026,25,,,,2,,,0.182,0.28,0.364,0.644,0.182,0.169,0.427,0.305,0.269,0.292,92.8,24.1,14.3,21.4,50.0,76.0,34.5,37.9,53.7,80.0,81.6,25.0,21.4,71.4,7.1,28.6,50.0,7.1,14.3,0.231,CJ Kayfus
"Kirk, Alejandro",672386,2026,22,,,,2,,,0.15,0.227,0.35,0.577,0.2,0.254,0.343,0.299,0.322,0.258,85.5,4.7,33.3,5.6,44.4,65.8,41.7,15.0,54.1,83.3,96.0,66.7,38.9,44.4,16.7,55.6,11.1,22.2,11.1,0.118,Alejandro Kirk
"Naylor, Bo",666310,2026,67,,,,3,,,0.129,0.194,0.194,0.388,0.065,0.226,0.412,0.304,0.284,0.184,89.2,16.3,37.0,10.9,41.3,68.3,23.3,15.7,45.4,85.7,91.9,62.9,37.0,43.5,19.6,34.8,32.6,23.9,8.7,0.156,Bo Naylor
"Pagés, Pedro",686780,2026,59,,,,7,,,0.255,0.311,0.455,0.766,0.2,0.245,0.431,0.319,0.303,0.336,86.7,12.7,33.3,8.9,35.6,69.0,40.0,26.2,54.5,89.5,83.8,56.5,48.9,35.6,15.6,44.4,33.3,15.6,6.7,0.268,Pedro Pagés
"Valera, George",671655,2026,36,,,,6,,,0.222,0.243,0.306,0.549,0.084,0.199,0.238,0.204,0.22,0.245,90.2,9.6,20.7,0.0,34.5,73.3,39.3,21.2,56.9,100.0,84.1,68.2,51.7,27.6,20.7,51.7,6.9,24.1,17.2,0.276,George Valera
"Crow-Armstrong, Pete",691718,2026,115,,,,7,,,0.241,0.305,0.315,0.62,0.074,0.216,0.325,0.27,0.283,0.281,90.9,21.3,21.6,5.4,47.3,72.3,45.9,29.6,57.9,78.3,80.8,56.8,48.6,28.4,23.0,44.6,27.0,14.9,13.5,0.347,Pete Crow-Armstrong
"Young, Jared",676724,2026,23,,,,2,,,0.35,0.391,0.45,0.841,0.1,0.282,0.39,0.364,0.356,0.369,88.7,-2.6,22.2,16.7,50.0,75.0,27.7,23.3,49.4,87.5,80.0,69.2,50.0,38.9,11.1,72.2,11.1,16.7,0.0,0.389,Jared Young
"Feduccia, Hunter",676439,2026,34,,,,4,,,0.241,0.371,0.241,0.612,0.0,0.189,0.232,0.274,0.328,0.302,84.2,7.8,37.5,0.0,12.5,66.7,27.6,28.8,44.0,47.1,76.2,62.5,43.8,18.8,37.5,43.8,25.0,31.3,0.0,0.438,Hunter Feduccia
"Sheets, Gavin",657757,2026,87,,,,11,,,0.238,0.273,0.488,0.761,0.25,0.252,0.466,0.323,0.286,0.329,88.7,10.9,34.4,10.9,45.3,57.5,36.9,20.1,46.8,58.1,88.0,68.1,34.4,39.1,26.6,45.3,20.3,21.9,12.5,0.267,Gavin Sheets
"Freeman, Freddie",518692,2026,114,,,,15,,,0.271,0.345,0.439,0.784,0.168,0.3,0.572,0.401,0.37,0.346,92.2,12.5,37.6,15.1,48.4,73.6,31.3,19.8,51.7,92.3,84.9,69.9,34.4,39.8,25.8,40.9,33.3,23.7,2.2,0.289,Freddie Freeman
"Taylor, Tyrone",621438,2026,45,,,,7,,,0.214,0.233,0.381,0.614,0.167,0.237,0.374,0.273,0.255,0.269,87.0,18.2,33.3,5.6,25.0,71.6,37.5,22.6,55.4,56.3,82.5,66.7,36.1,33.3,30.6,38.9,36.1,19.4,5.6,0.219,Tyrone Taylor
"Moncada, Yoán",660162,2026,92,,,,9,,,0.197,0.344,0.342,0.686,0.145,0.161,0.31,0.294,0.316,0.321,90.2,13.7,34.8,8.7,41.3,53.0,19.0,29.4,35.9,46.4,81.0,42.1,41.3,39.1,19.6,37.0,39.1,21.7,2.2,0.279,Yoán Moncada
"Pasquantino, Vinnie",686469,2026,120,,,,14,,,0.16,0.267,0.31,0.577,0.15,0.207,0.34,0.291,0.308,0.262,88.6,18.3,31.3,7.5,35.0,66.5,31.2,18.0,46.4,76.5,87.2,73.6,50.0,23.8,26.3,36.3,28.7,22.5,12.5,0.169,Vinnie Pasquantino
"Reynolds, Bryan",668804,2026,124,,,,17,,,0.233,0.375,0.359,0.734,0.126,0.233,0.395,0.343,0.375,0.336,91.1,7.1,31.4,8.6,42.9,65.7,25.0,29.3,43.2,70.4,84.3,41.7,45.7,25.7,28.6,48.6,24.3,24.3,2.9,0.313,Bryan Reynolds
"Marte, Ketel",606466,2026,114,,,,10,,,0.238,0.298,0.381,0.679,0.143,0.302,0.479,0.365,0.357,0.305,92.3,7.2,32.9,9.4,47.1,68.5,33.0,23.8,49.5,86.4,86.7,57.3,56.5,29.4,14.1,48.2,20.0,28.2,3.5,0.259,Ketel Marte
"McGuire, Reese",624512,2026,34,,,,3,,,0.172,0.273,0.172,0.445,0.0,0.186,0.215,0.243,0.285,0.224,74.3,18.8,33.3,0.0,9.5,59.7,37.5,21.8,50.0,72.7,91.9,50.0,28.6,47.6,23.8,42.9,23.8,23.8,9.5,0.25,Reese McGuire
"Candelario, Jeimer",600869,2026,20,,,,0,,,0.111,0.2,0.222,0.422,0.111,0.167,0.213,0.219,0.25,0.2,91.8,18.2,30.0,0.0,40.0,71.7,35.1,50.0,55.4,66.7,51.5,46.2,60.0,20.0,20.0,40.0,40.0,20.0,0.0,0.2,Jeimer Candelario
"Wilson, Weston",642215,2026,13,,,,2,,,0.3,0.462,0.4,0.862,0.1,0.284,0.583,0.446,0.449,0.403,93.9,27.1,80.0,20.0,40.0,62.5,39.5,28.6,50.0,100.0,95.0,40.0,40.0,20.0,40.0,0.0,60.0,40.0,0.0,0.6,Weston Wilson
"Andujar, Miguel",609280,2026,64,,,,5,,,0.313,0.353,0.438,0.791,0.125,0.251,0.352,0.287,0.295,0.351,89.7,10.6,29.4,2.0,45.1,69.7,34.7,18.5,50.8,66.7,90.6,66.0,49.0,33.3,17.6,51.0,17.6,19.6,11.8,0.392,Miguel Andujar
"Wisdom, Patrick",621550,2026,1,,,,0,,,0.0,0.0,0.0,0.0,0.0,0.0,0.0,0.0,0.0,0.0,,,,,,0.0,100.0,100.0,66.7,,,0.0,,,,,,,,0.0,Patrick Wisdom
"Clemens, Kody",665019,2026,65,,,,3,,,0.194,0.275,0.371,0.646,0.177,0.238,0.465,0.34,0.315,0.291,92.8,15.8,47.6,16.7,45.2,61.5,29.0,28.9,44.1,54.2,84.3,46.7,38.1,35.7,26.2,31.0,40.5,26.2,2.4,0.237,Kody Clemens
"Ohtani, Shohei",660271,2026,129,,,,12,,,0.278,0.398,0.5,0.898,0.222,0.28,0.558,0.413,0.407,0.384,94.6,12.0,37.2,21.8,52.6,60.2,31.8,27.0,44.8,69.7,84.9,54.0,57.7,21.8,20.5,44.9,35.9,16.7,2.6,0.333,Shohei Ohtani
"Davis, Henry",680779,2026,65,,,,3,,,0.169,0.269,0.22,0.489,0.051,0.169,0.23,0.237,0.268,0.237,88.8,18.5,20.8,4.2,33.3,72.3,28.6,23.3,50.4,81.5,87.2,50.0,52.1,33.3,14.6,43.8,27.1,14.6,14.6,0.213,Henry Davis
"Johnston, Troy",687859,2026,98,,,,16,,,0.315,0.371,0.449,0.82,0.134,0.272,0.412,0.329,0.332,0.367,89.4,9.7,47.1,2.9,40.0,58.5,37.0,22.4,47.9,67.9,86.0,63.9,34.3,42.9,22.9,41.4,20.0,35.7,2.9,0.388,Troy Johnston
"Bauers, Jake",641343,2026,95,,,,15,,,0.261,0.316,0.477,0.793,0.216,0.264,0.483,0.339,0.319,0.34,93.3,12.0,29.4,10.3,55.9,69.7,20.1,25.9,46.4,72.0,82.9,39.4,39.7,32.4,27.9,42.6,30.9,20.6,5.9,0.286,Jake Bauers
"Smith, Josh",669701,2026,92,,,,6,,,0.203,0.319,0.228,0.547,0.025,0.225,0.339,0.309,0.34,0.263,88.1,15.2,34.4,6.3,37.5,65.7,31.5,22.9,47.4,75.0,87.6,58.1,35.9,32.8,31.3,37.5,32.8,20.3,9.4,0.25,Josh Smith
"Alvarez, Francisco",682626,2026,89,,,,7,,,0.24,0.333,0.427,0.76,0.187,0.249,0.512,0.369,0.343,0.339,89.1,8.0,27.6,15.5,41.4,64.4,31.0,26.5,45.7,68.0,85.4,54.0,44.8,41.4,13.8,51.7,25.9,15.5,6.9,0.259,Francisco Alvarez
"Turner, Trea",607208,2026,125,,,,9,,,0.23,0.304,0.354,0.658,0.124,0.237,0.339,0.292,0.31,0.299,89.3,16.3,32.2,4.4,35.6,64.2,32.2,27.2,47.1,80.6,84.8,51.8,32.2,38.9,28.9,41.1,34.4,18.9,5.6,0.264,Trea Turner
"Muncy, Max",571970,2026,104,,,,11,,,0.298,0.389,0.617,1.006,0.319,0.298,0.601,0.419,0.389,0.431,92.6,13.4,33.3,18.2,54.5,62.6,27.1,29.8,45.0,60.6,77.7,52.5,50.0,28.8,21.2,42.4,36.4,19.7,1.5,0.333,Max Muncy
"Whitcomb, Shay",694376,2026,11,,,,3,,,0.1,0.182,0.4,0.582,0.3,0.094,0.343,0.227,0.176,0.253,90.6,46.9,33.3,33.3,33.3,70.6,44.4,50.0,54.5,66.7,83.3,16.7,0.0,66.7,33.3,0.0,66.7,0.0,33.3,0.0,Shay Whitcomb
"Smith, Dominic",642086,2026,68,,,,17,,,0.349,0.373,0.571,0.944,0.222,0.334,0.56,0.401,0.367,0.41,89.5,16.7,42.1,8.8,38.6,70.4,43.6,19.7,56.9,88.9,90.1,64.7,31.6,42.1,26.3,29.8,31.6,31.6,7.0,0.346,Dominic Smith
"Kurtz, Nick",701762,2026,125,,,,12,,,0.242,0.424,0.432,0.856,0.19,0.263,0.555,0.424,0.44,0.384,98.1,16.2,45.5,21.8,63.6,59.3,20.5,37.6,37.9,54.3,71.9,40.0,32.7,36.4,30.9,34.5,36.4,27.3,1.8,0.36,Nick Kurtz
"Burger, Jake",669394,2026,117,,,,19,,,0.228,0.264,0.395,0.659,0.167,0.223,0.395,0.283,0.259,0.29,88.6,8.2,30.4,10.1,46.8,64.1,39.8,33.6,50.5,58.3,82.9,45.4,43.0,40.5,16.5,49.4,24.1,22.8,3.8,0.284,Jake Burger
"Perez, Salvador",521692,2026,113,,,,9,,,0.187,0.221,0.327,0.548,0.14,0.218,0.377,0.274,0.258,0.239,87.7,15.6,28.9,9.6,39.8,74.5,46.1,25.8,58.4,84.2,81.0,65.8,37.3,33.7,28.9,43.4,25.3,19.3,12.0,0.203,Salvador Perez
"Adell, Jo",666176,2026,126,,,,18,,,0.262,0.305,0.377,0.682,0.115,0.266,0.42,0.318,0.31,0.306,90.1,18.4,25.8,6.2,44.3,76.3,37.4,24.1,55.8,72.5,85.6,58.2,36.1,38.1,25.8,40.2,30.9,21.6,7.2,0.301,Jo Adell
"Mayer, Marcelo",691785,2026,76,,,,6,,,0.243,0.316,0.371,0.687,0.128,0.221,0.353,0.301,0.304,0.31,88.0,10.8,29.3,10.3,43.1,71.7,23.8,25.9,46.7,78.3,87.9,36.1,34.5,36.2,29.3,48.3,29.3,17.2,5.2,0.281,Marcelo Mayer
"Romo, Drew",691011,2026,5,,,,0,,,0.0,0.4,0.0,0.4,0.0,0.095,0.107,0.334,0.457,0.283,85.5,-5.2,0.0,0.0,0.0,50.0,18.2,14.3,33.3,,100.0,50.0,0.0,100.0,0.0,100.0,0.0,0.0,0.0,0.0,Drew Romo
"Acuña Jr., Ronald",660670,2026,132,,,,8,,,0.239,0.356,0.358,0.714,0.119,0.263,0.499,0.387,0.382,0.326,89.0,16.8,31.4,12.8,43.0,74.9,25.6,26.3,46.0,90.9,80.5,59.5,39.5,29.1,31.4,41.9,29.1,19.8,9.3,0.286,Ronald Acuña Jr.
"Guerrero Jr., Vladimir",665489,2026,115,,,,14,,,0.33,0.415,0.447,0.862,0.117,0.321,0.499,0.389,0.407,0.381,93.0,6.4,33.0,13.6,48.9,69.3,29.7,22.1,48.5,84.6,82.6,68.2,35.2,40.9,23.9,52.3,17.0,25.0,5.7,0.372,Vladimir Guerrero Jr.
"Hernández, Heriberto",681715,2026,74,,,,9,,,0.159,0.284,0.19,0.474,0.031,0.217,0.298,0.295,0.333,0.237,89.0,8.7,20.4,4.1,40.8,65.8,19.0,29.5,39.8,81.3,79.2,46.4,44.9,36.7,18.4,51.0,24.5,18.4,6.1,0.204,Heriberto Hernández
"Rooker, Brent",667670,2026,54,,,,8,,,0.133,0.241,0.267,0.508,0.134,0.192,0.359,0.302,0.299,0.235,89.3,16.2,35.7,17.9,42.9,71.4,30.7,45.3,48.3,100.0,70.9,25.8,53.6,32.1,14.3,46.4,32.1,17.9,3.6,0.154,Brent Rooker
"Lindor, Francisco",596019,2026,105,,,,5,,,0.226,0.314,0.355,0.669,0.129,0.253,0.433,0.341,0.339,0.305,90.9,14.8,31.1,9.5,43.2,68.0,27.7,25.8,45.5,87.1,83.3,56.3,41.9,33.8,24.3,39.2,25.7,28.4,6.8,0.264,Francisco Lindor
"Donovan, Brendan",680977,2026,71,,,,8,,,0.304,0.437,0.518,0.955,0.214,0.238,0.344,0.339,0.385,0.423,83.8,13.0,37.8,4.4,26.7,58.9,24.2,24.5,39.1,66.7,87.9,52.8,46.7,31.1,22.2,44.4,20.0,22.2,13.3,0.333,Brendan Donovan
"Teodosio, Bryce",669326,2026,33,,,,1,,,0.242,0.286,0.273,0.559,0.031,0.168,0.258,0.213,0.215,0.257,89.3,4.7,15.8,10.5,31.6,72.7,35.0,39.1,54.8,100.0,70.8,38.1,36.8,31.6,31.6,68.4,10.5,10.5,10.5,0.444,Bryce Teodosio
"Lukes, Nathan",664770,2026,56,,,,8,,,0.25,0.286,0.327,0.613,0.077,0.26,0.344,0.282,0.295,0.275,86.9,15.7,28.3,0.0,37.0,65.2,44.0,13.8,54.9,68.0,84.0,89.6,37.0,37.0,26.1,45.7,21.7,23.9,8.7,0.283,Nathan Lukes
"Lee, Hao-Yu ",701678,2026,20,,,,3,,,0.211,0.25,0.421,0.671,0.21,0.247,0.598,0.371,0.285,0.293,92.2,21.9,41.7,25.0,41.7,75.7,32.4,41.0,54.9,85.7,67.9,36.4,41.7,41.7,16.7,25.0,41.7,25.0,8.3,0.273,Hao-Yu Lee
"Rogers, Jake",668670,2026,31,,,,4,,,0.148,0.194,0.222,0.416,0.074,0.203,0.38,0.265,0.244,0.187,88.8,30.7,40.0,15.0,35.0,56.9,28.8,30.8,41.9,75.0,75.8,57.9,50.0,35.0,15.0,15.0,55.0,25.0,5.0,0.2,Jake Rogers
"Steer, Spencer",668715,2026,99,,,,6,,,0.216,0.293,0.409,0.702,0.193,0.237,0.484,0.349,0.318,0.312,90.0,18.6,38.7,16.1,38.7,63.6,28.8,25.1,45.5,80.8,81.3,61.8,46.8,33.9,19.4,38.7,40.3,16.1,4.8,0.259,Spencer Steer
"Murakami, Munetaka",808959,2026,122,,,,20,,,0.243,0.373,0.592,0.965,0.349,0.242,0.597,0.403,0.373,0.407,94.9,16.4,34.9,22.2,61.9,62.3,21.3,41.2,40.8,78.6,68.2,33.9,49.2,41.3,9.5,38.1,41.3,15.9,4.8,0.255,Munetaka Murakami
"Soderstrom, Tyler",691016,2026,122,,,,18,,,0.215,0.303,0.411,0.714,0.196,0.242,0.445,0.333,0.327,0.314,90.0,14.0,30.6,12.9,48.2,69.5,30.5,23.4,48.4,80.0,86.5,57.5,37.6,42.4,20.0,40.0,32.9,20.0,7.1,0.244,Tyler Soderstrom
"Contreras, Willson",575929,2026,115,,,,19,,,0.253,0.375,0.455,0.83,0.202,0.254,0.51,0.393,0.381,0.372,92.3,17.2,32.3,15.4,47.7,63.8,30.1,37.3,45.0,64.0,75.0,42.0,47.7,35.4,16.9,38.5,27.7,23.1,10.8,0.322,Willson Contreras
"Baty, Brett",683146,2026,88,,,,12,,,0.22,0.25,0.329,0.579,0.109,0.229,0.379,0.276,0.26,0.255,91.1,7.7,31.0,8.6,39.7,62.1,31.8,28.7,46.9,81.3,80.9,52.6,39.7,34.5,25.9,48.3,25.9,24.1,1.7,0.298,Brett Baty
"Pederson, Joc",592626,2026,75,,,,4,,,0.238,0.364,0.349,0.713,0.111,0.21,0.337,0.317,0.345,0.331,93.0,17.8,27.3,2.3,54.5,59.9,25.0,34.5,43.0,62.5,74.0,43.6,36.4,27.3,36.4,36.4,38.6,20.5,4.5,0.31,Joc Pederson
"Escarra, J.C.",641555,2026,29,,,,5,,,0.214,0.241,0.357,0.598,0.143,0.209,0.357,0.258,0.237,0.262,91.2,11.7,36.8,10.5,36.8,64.7,29.4,34.0,44.5,66.7,78.8,45.0,36.8,47.4,15.8,52.6,10.5,26.3,10.5,0.316,J.C. Escarra
"Norby, Connor",681393,2026,97,,,,10,,,0.233,0.337,0.395,0.732,0.162,0.21,0.365,0.308,0.317,0.331,88.2,15.3,30.0,10.0,38.3,70.8,24.6,30.2,47.0,84.8,76.1,52.9,33.3,45.0,21.7,41.7,33.3,16.7,8.3,0.298,Connor Norby
"Yastrzemski, Mike",573262,2026,94,,,,5,,,0.188,0.266,0.247,0.513,0.059,0.203,0.27,0.253,0.279,0.241,90.8,10.5,26.7,3.3,43.3,58.7,30.2,26.0,45.1,47.4,83.5,53.7,46.7,30.0,23.3,51.7,26.7,18.3,3.3,0.267,Mike Yastrzemski
"Ramos, Heliot",671218,2026,104,,,,14,,,0.265,0.308,0.408,0.716,0.143,0.276,0.465,0.336,0.319,0.314,93.2,9.3,37.9,16.7,56.1,75.0,35.4,28.0,53.2,84.4,85.7,48.2,36.4,39.4,24.2,48.5,22.7,24.2,4.5,0.365,Heliot Ramos
"Lawlar, Jordan",691783,2026,20,,,,2,,,0.333,0.4,0.556,0.956,0.223,0.275,0.474,0.361,0.348,0.42,90.4,23.4,33.3,8.3,41.7,64.1,26.9,30.8,42.9,66.7,84.0,42.9,75.0,8.3,16.7,33.3,50.0,16.7,0.0,0.455,Jordan Lawlar
"Muncy, Max",691777,2026,104,,,,7,,,0.239,0.308,0.402,0.71,0.163,0.224,0.391,0.303,0.297,0.314,92.5,10.5,35.1,12.3,56.1,66.3,37.4,35.4,51.0,72.4,80.2,40.0,47.4,31.6,21.1,49.1,26.3,19.3,5.3,0.364,Max Muncy
"Schwarber, Kyle",656941,2026,125,,,,17,,,0.196,0.344,0.52,0.864,0.324,0.215,0.492,0.373,0.359,0.378,92.8,21.0,30.6,21.0,51.6,62.8,23.0,30.5,41.5,80.0,77.4,50.8,51.6,25.8,22.6,33.9,40.3,17.7,8.1,0.208,Kyle Schwarber
"Vargas, Ildemaro",545121,2026,82,,,,20,,,0.367,0.383,0.722,1.105,0.355,0.351,0.536,0.388,0.367,0.473,87.6,7.0,40.6,7.2,37.7,60.5,40.7,17.4,50.0,75.0,90.7,71.9,46.4,37.7,15.9,43.5,17.4,31.9,7.2,0.365,Ildemaro Vargas
"Carlson, Dylan",666185,2026,4,,,,0,,,0.0,0.0,0.0,0.0,0.0,0.067,0.096,0.07,0.067,0.0,84.4,6.4,50.0,0.0,0.0,45.5,11.1,33.3,30.0,100.0,80.0,0.0,100.0,0.0,0.0,50.0,50.0,0.0,0.0,0.0,Dylan Carlson
"Díaz, Yandy",650490,2026,120,,,,20,,,0.327,0.424,0.486,0.91,0.159,0.304,0.455,0.378,0.404,0.403,90.0,5.0,27.2,6.5,43.5,66.4,24.4,14.1,44.7,72.4,88.5,79.3,12.0,52.2,35.9,50.0,19.6,25.0,5.4,0.352,Yandy Díaz
"Joe, Connor",656582,2026,15,,,,2,,,0.214,0.267,0.286,0.553,0.072,0.285,0.434,0.336,0.333,0.253,95.6,13.5,55.6,11.1,66.7,48.6,30.6,21.4,39.4,85.7,88.2,63.6,44.4,33.3,22.2,33.3,33.3,33.3,0.0,0.333,Connor Joe
"Riley, Austin",663586,2026,124,,,,17,,,0.209,0.298,0.345,0.643,0.136,0.224,0.384,0.31,0.312,0.294,90.3,19.2,27.1,8.2,43.5,66.8,30.7,30.1,46.3,68.8,77.9,56.7,43.5,28.2,28.2,43.5,25.9,17.6,12.9,0.244,Austin Riley
"Pages, Andy",681624,2026,111,,,,25,,,0.327,0.374,0.538,0.912,0.211,0.3,0.468,0.361,0.355,0.396,90.3,16.5,35.8,6.2,54.3,69.4,32.8,22.9,50.2,70.0,84.5,63.1,33.3,33.3,33.3,35.8,25.9,28.4,9.9,0.382,Andy Pages
"Meadows, Parker",678009,2026,39,,,,2,,,0.25,0.308,0.333,0.641,0.083,0.212,0.277,0.251,0.273,0.291,85.3,13.3,30.8,3.8,19.2,64.9,27.9,20.3,45.4,57.1,88.0,62.5,30.8,46.2,23.1,42.3,23.1,26.9,7.7,0.346,Parker Meadows
"White, Eli",642201,2026,38,,,,6,,,0.194,0.211,0.389,0.6,0.195,0.232,0.348,0.261,0.251,0.256,85.1,8.8,38.7,9.7,25.8,72.3,33.3,23.9,51.8,55.6,80.9,66.7,22.6,48.4,29.0,48.4,25.8,19.4,6.5,0.172,Eli White
"Saggese, Thomas",695336,2026,54,,,,2,,,0.17,0.228,0.208,0.436,0.038,0.166,0.25,0.215,0.225,0.205,89.5,12.3,26.5,2.9,35.3,75.5,34.7,34.1,53.5,76.5,70.0,58.1,38.2,32.4,29.4,50.0,23.5,20.6,5.9,0.265,Thomas Saggese
"Cowser, Colton",681297,2026,63,,,,3,,,0.2,0.274,0.236,0.51,0.036,0.201,0.348,0.277,0.275,0.241,86.5,4.0,24.3,10.8,43.2,62.0,28.3,37.8,44.6,75.0,70.0,46.2,37.8,45.9,16.2,56.8,24.3,18.9,0.0,0.306,Colton Cowser
"Nimmo, Brandon",607043,2026,128,,,,12,,,0.28,0.348,0.458,0.806,0.178,0.29,0.481,0.365,0.361,0.354,91.1,10.8,34.4,10.8,48.4,67.5,29.4,23.8,48.9,83.9,84.9,55.1,33.3,41.9,24.7,43.0,22.6,29.0,5.4,0.326,Brandon Nimmo
"Hicks, Liam",689414,2026,96,,,,24,,,0.311,0.35,0.544,0.894,0.233,0.317,0.454,0.358,0.362,0.384,88.1,12.7,36.5,7.1,40.0,65.7,24.2,8.5,44.5,70.0,99.2,71.7,41.2,38.8,20.0,40.0,22.4,31.8,5.9,0.278,Liam Hicks
"Espinal, Santiago",669289,2026,25,,,,2,,,0.217,0.217,0.304,0.521,0.087,0.317,0.414,0.317,0.317,0.229,88.3,6.4,39.1,0.0,39.1,67.3,30.9,14.0,48.1,71.4,87.9,82.4,39.1,47.8,13.0,56.5,13.0,30.4,0.0,0.238,Santiago Espinal
"Raleigh, Cal",663728,2026,128,,,,15,,,0.205,0.288,0.419,0.707,0.214,0.215,0.481,0.334,0.297,0.313,86.6,22.1,36.3,13.8,30.0,70.8,35.2,31.1,51.2,97.0,75.0,58.9,53.8,25.0,21.3,28.7,46.3,13.8,11.3,0.233,Cal Raleigh
"DeLauter, Chase",800050,2026,104,,,,16,,,0.245,0.333,0.489,0.822,0.244,0.28,0.473,0.366,0.366,0.359,89.4,16.0,37.3,9.6,38.6,61.7,20.4,16.8,40.1,79.3,90.6,63.0,45.8,26.5,27.7,33.7,21.7,28.9,15.7,0.231,Chase DeLauter
"Frelick, Sal",686217,2026,98,,,,7,,,0.198,0.302,0.259,0.561,0.061,0.22,0.288,0.279,0.322,0.262,85.5,10.8,25.7,1.4,22.9,62.9,21.1,13.8,41.3,71.9,92.3,69.0,44.3,34.3,21.4,52.9,21.4,12.9,12.9,0.217,Sal Frelick
"Quero, Jeferson",691620,2026,2,,,,0,,,0.0,0.5,0.0,0.5,0.0,0.306,0.355,0.5,0.653,0.354,85.6,2.1,0.0,0.0,0.0,0.0,28.6,50.0,25.0,,,50.0,100.0,0.0,0.0,100.0,0.0,0.0,0.0,0.0,Jeferson Quero
"India, Jonathan",663697,2026,58,,,,8,,,0.167,0.31,0.313,0.623,0.146,0.173,0.289,0.286,0.315,0.294,85.7,28.3,28.6,5.7,31.4,60.0,17.9,22.6,39.2,80.0,80.6,66.7,40.0,28.6,31.4,28.6,31.4,14.3,25.7,0.182,Jonathan India
"Story, Trevor",596115,2026,119,,,,17,,,0.191,0.228,0.287,0.515,0.096,0.217,0.313,0.251,0.255,0.23,89.3,12.1,30.4,3.8,43.0,66.3,44.9,30.7,54.3,69.2,79.7,57.3,41.8,38.0,20.3,46.8,24.1,24.1,5.1,0.26,Trevor Story
"Manzardo, Kyle",700932,2026,88,,,,6,,,0.203,0.292,0.266,0.558,0.063,0.22,0.347,0.295,0.307,0.264,89.1,16.8,34.7,8.2,28.6,67.4,28.6,33.1,46.7,73.9,75.8,48.3,44.9,38.8,16.3,42.9,22.4,22.4,12.2,0.313,Kyle Manzardo
"Alvarez, Yordan",670541,2026,129,,,,26,,,0.358,0.465,0.755,1.22,0.397,0.377,0.837,0.541,0.484,0.505,94.0,20.0,45.8,18.8,50.0,62.0,26.8,18.4,42.4,71.4,93.3,60.3,51.0,29.2,19.8,27.1,42.7,24.0,6.3,0.318,Yordan Alvarez
"Ortiz, Joey",687401,2026,70,,,,4,,,0.18,0.265,0.18,0.445,0.0,0.201,0.264,0.254,0.284,0.219,87.1,4.5,12.5,4.2,35.4,51.9,32.6,19.1,41.8,38.1,92.6,63.8,33.3,50.0,16.7,58.3,16.7,14.6,10.4,0.239,Joey Ortiz
"Vivas, Jorbit",678391,2026,69,,,,3,,,0.286,0.388,0.339,0.727,0.053,0.247,0.288,0.304,0.357,0.34,82.0,11.6,27.5,2.0,23.5,78.2,27.8,14.6,50.6,95.0,95.3,62.2,39.2,33.3,27.5,54.9,11.8,25.5,7.8,0.327,Jorbit Vivas
"Chapman, Matt",656305,2026,118,,,,12,,,0.283,0.356,0.377,0.733,0.094,0.247,0.316,0.293,0.326,0.334,88.2,3.8,20.2,3.6,34.9,60.4,25.9,20.9,42.9,75.8,87.5,60.0,41.7,34.5,23.8,56.0,11.9,21.4,10.7,0.349,Matt Chapman
"Swanson, Dansby",621020,2026,117,,,,21,,,0.206,0.339,0.423,0.762,0.217,0.219,0.435,0.348,0.352,0.339,90.3,13.7,34.7,12.5,47.2,63.3,21.6,30.1,39.8,82.9,79.0,49.2,52.8,30.6,16.7,41.7,34.7,18.1,5.6,0.212,Dansby Swanson
"Torkelson, Spencer",679529,2026,107,,,,12,,,0.236,0.364,0.472,0.836,0.236,0.252,0.525,0.392,0.379,0.372,91.1,16.3,45.8,16.9,47.5,60.3,16.9,27.3,37.7,72.0,81.5,43.9,45.8,40.7,13.6,32.2,35.6,28.8,3.4,0.296,Spencer Torkelson
"Castellanos, Nick",592206,2026,51,,,,5,,,0.154,0.2,0.212,0.412,0.058,0.234,0.335,0.262,0.276,0.181,87.8,15.6,41.7,5.6,36.1,75.8,43.9,30.4,58.7,82.4,80.0,54.0,61.1,27.8,11.1,30.6,33.3,33.3,2.8,0.222,Nick Castellanos
"Lee, Jung Hoo",808982,2026,109,,,,10,,,0.313,0.358,0.475,0.833,0.162,0.305,0.414,0.342,0.355,0.364,89.3,13.3,36.8,3.4,39.1,62.8,25.9,13.8,43.6,64.5,96.0,64.3,31.0,40.2,28.7,42.5,23.0,31.0,3.4,0.341,Jung Hoo Lee
"Lockridge, Brandon",663604,2026,76,,,,8,,,0.269,0.347,0.313,0.66,0.044,0.22,0.269,0.267,0.304,0.307,85.1,-1.4,17.0,2.1,31.9,57.6,30.2,27.5,44.0,70.0,79.6,58.8,27.7,46.8,25.5,72.3,12.8,12.8,2.1,0.391,Brandon Lockridge
"DeLuca, Jonny",676356,2026,59,,,,13,,,0.283,0.317,0.467,0.784,0.184,0.269,0.41,0.31,0.304,0.344,87.8,14.4,30.6,6.1,32.7,68.6,34.5,23.6,51.2,78.9,84.7,60.5,42.9,24.5,32.7,40.8,18.4,22.4,18.4,0.319,Jonny DeLuca
"Arenado, Nolan",571448,2026,96,,,,14,,,0.286,0.313,0.44,0.753,0.154,0.268,0.397,0.302,0.297,0.33,83.4,21.9,35.6,6.8,24.7,58.5,32.7,25.6,44.3,58.1,83.0,61.8,41.1,42.5,16.4,34.2,24.7,26.0,15.1,0.319,Nolan Arenado
"Walls, Taylor",670764,2026,61,,,,4,,,0.2,0.279,0.236,0.515,0.036,0.184,0.231,0.232,0.264,0.245,83.1,17.0,29.3,0.0,19.5,59.7,23.8,24.3,42.0,70.0,87.0,46.7,26.8,31.7,41.5,48.8,26.8,14.6,9.8,0.297,Taylor Walls
"Caratini, Victor",605170,2026,88,,,,11,,,0.222,0.318,0.278,0.596,0.056,0.268,0.39,0.355,0.378,0.28,87.7,10.2,39.7,4.8,33.3,59.0,25.1,17.5,41.8,38.1,94.7,54.8,42.9,36.5,20.6,47.6,17.5,31.7,3.2,0.242,Victor Caratini
"Neto, Zach",687263,2026,136,,,,14,,,0.242,0.355,0.433,0.788,0.191,0.222,0.414,0.332,0.338,0.352,89.1,21.8,38.0,11.4,35.4,72.2,28.8,28.4,48.4,87.8,82.8,48.4,48.1,31.6,20.3,31.6,39.2,24.1,5.1,0.324,Zach Neto
"Okamoto, Kazuma",672960,2026,108,,,,11,,,0.222,0.306,0.394,0.7,0.172,0.233,0.439,0.331,0.316,0.315,91.8,16.7,34.4,12.5,51.6,63.1,25.6,33.6,43.2,70.0,78.2,40.3,48.4,37.5,14.1,43.8,23.4,21.9,10.9,0.288,Kazuma Okamoto
"Ramírez, José",608070,2026,126,,,,12,,,0.229,0.354,0.45,0.804,0.221,0.294,0.528,0.4,0.408,0.351,90.7,23.0,35.9,10.9,45.7,64.9,30.5,16.7,45.9,72.7,90.6,70.7,43.5,40.2,16.3,27.2,41.3,20.7,10.9,0.221,José Ramírez
"Gorman, Nolan",669357,2026,101,,,,15,,,0.22,0.291,0.341,0.632,0.121,0.199,0.339,0.269,0.274,0.281,87.6,20.5,35.9,4.7,40.6,67.8,30.8,33.7,48.5,80.6,81.3,36.2,45.3,28.1,26.6,34.4,34.4,26.6,4.7,0.279,Nolan Gorman
"Lowe, Josh",666139,2026,77,,,,9,,,0.188,0.25,0.333,0.583,0.145,0.185,0.293,0.244,0.248,0.262,86.3,21.0,26.5,6.1,26.5,69.6,34.8,27.6,52.4,70.0,78.6,59.6,34.7,46.9,18.4,36.7,38.8,14.3,10.2,0.222,Josh Lowe
"Black, Tyler",672012,2026,8,,,,0,,,0.25,0.25,0.375,0.625,0.125,0.126,0.157,0.125,0.126,0.273,79.8,38.9,0.0,0.0,0.0,76.5,35.7,27.8,58.1,50.0,84.6,40.0,20.0,60.0,20.0,20.0,60.0,0.0,20.0,0.4,Tyler Black
"Ramírez, Agustín",682663,2026,109,,,,12,,,0.235,0.301,0.363,0.664,0.128,0.234,0.33,0.279,0.3,0.295,89.2,7.6,27.8,5.1,39.2,73.6,27.6,31.5,50.3,90.6,78.2,43.3,39.2,41.8,19.0,49.4,15.2,24.1,11.4,0.286,Agustín Ramírez
"Goodman, Hunter",696100,2026,106,,,,11,,,0.263,0.34,0.547,0.887,0.284,0.227,0.448,0.326,0.307,0.383,93.1,24.9,40.0,14.5,50.9,71.8,39.9,37.7,54.1,77.8,74.4,44.8,52.7,25.5,21.8,21.8,43.6,27.3,7.3,0.375,Hunter Goodman
"Kiner-Falefa, Isiah",643396,2026,35,,,,3,,,0.212,0.257,0.212,0.469,0.0,0.233,0.261,0.245,0.278,0.221,81.3,20.6,34.6,0.0,15.4,51.8,43.5,17.9,47.5,50.0,93.1,70.4,42.3,19.2,38.5,38.5,19.2,26.9,15.4,0.269,Isiah Kiner-Falefa
"Stott, Bryson",681082,2026,82,,,,4,,,0.221,0.268,0.273,0.541,0.052,0.265,0.382,0.305,0.309,0.248,90.2,11.8,31.3,4.7,46.9,49.4,33.3,17.1,41.5,82.8,92.3,68.6,40.6,45.3,14.1,45.3,31.3,18.8,4.7,0.266,Bryson Stott
"Winn, Masyn",691026,2026,95,,,,12,,,0.253,0.333,0.368,0.701,0.115,0.243,0.314,0.293,0.325,0.318,85.7,15.4,32.8,3.0,26.9,58.9,27.0,21.5,43.0,64.0,83.7,68.4,40.3,38.8,20.9,44.8,20.9,20.9,13.4,0.318,Masyn Winn
"Mullins, Cedric",656775,2026,97,,,,8,,,0.138,0.2,0.253,0.453,0.115,0.154,0.27,0.217,0.215,0.207,88.2,32.0,24.6,2.9,31.9,75.0,28.3,19.9,51.5,76.7,84.1,67.9,42.0,36.2,21.7,26.1,33.3,20.3,20.3,0.152,Cedric Mullins
"Marchán, Rafael",665561,2026,43,,,,2,,,0.098,0.14,0.171,0.311,0.073,0.151,0.22,0.186,0.191,0.146,87.4,28.5,32.3,3.2,25.8,58.1,30.9,18.3,46.1,75.0,92.0,57.1,45.2,35.5,19.4,25.8,38.7,19.4,16.1,0.1,Rafael Marchán
"Trevino, Jose",624431,2026,14,,,,0,,,0.077,0.143,0.077,0.22,0.0,0.183,0.211,0.21,0.241,0.115,78.8,9.6,44.4,0.0,22.2,70.8,24.0,21.7,46.9,50.0,88.2,50.0,33.3,44.4,22.2,66.7,11.1,22.2,0.0,0.111,Jose Trevino
"Harris, Dustin",687957,2026,31,,,,1,,,0.125,0.323,0.167,0.49,0.042,0.228,0.294,0.334,0.402,0.26,84.5,14.6,40.0,0.0,15.0,50.0,28.8,18.2,37.9,71.4,88.0,73.7,45.0,45.0,10.0,45.0,25.0,25.0,5.0,0.15,Dustin Harris
"Johnson, Bryce",669369,2026,18,,,,2,,,0.25,0.294,0.375,0.669,0.125,0.133,0.165,0.164,0.184,0.298,84.8,19.5,30.0,0.0,10.0,63.2,30.0,39.4,48.5,50.0,70.8,33.3,40.0,20.0,40.0,50.0,30.0,10.0,10.0,0.444,Bryce Johnson
"Urías, Ramón",602104,2026,59,,,,5,,,0.18,0.288,0.36,0.648,0.18,0.196,0.387,0.31,0.305,0.294,90.5,15.5,32.5,10.0,40.0,69.7,24.7,22.6,47.4,76.9,82.6,62.5,30.0,47.5,22.5,40.0,35.0,15.0,10.0,0.184,Ramón Urías
"Murray, Tanner",695020,2026,33,,,,3,,,0.214,0.281,0.321,0.602,0.107,0.191,0.39,0.276,0.265,0.259,90.7,25.6,26.1,8.7,43.5,66.7,32.7,32.0,48.5,50.0,78.1,50.0,39.1,34.8,26.1,47.8,30.4,4.3,17.4,0.238,Tanner Murray
"Stanton, Giancarlo",519317,2026,96,,,,14,,,0.256,0.302,0.422,0.724,0.166,0.245,0.466,0.326,0.292,0.32,94.1,21.5,37.7,18.0,44.3,62.5,30.3,38.7,45.1,61.5,73.6,39.7,39.3,42.6,18.0,29.5,27.9,29.5,13.1,0.345,Giancarlo Stanton
"McMahon, Ryan",641857,2026,72,,,,7,,,0.182,0.289,0.273,0.562,0.091,0.205,0.323,0.29,0.31,0.266,93.3,9.9,31.0,9.5,57.1,58.1,24.3,31.5,41.4,75.0,78.9,43.2,35.7,45.2,19.0,50.0,33.3,16.7,0.0,0.25,Ryan McMahon
"Sánchez, Gary",596142,2026,73,,,,14,,,0.237,0.384,0.559,0.943,0.322,0.248,0.545,0.407,0.392,0.41,89.1,16.5,27.9,16.3,39.5,53.6,21.9,28.8,36.9,66.7,81.5,48.6,44.2,34.9,20.9,39.5,25.6,18.6,16.3,0.237,Gary Sánchez
"Antonacci, Sam",803011,2026,37,,,,4,,,0.206,0.317,0.382,0.699,0.176,0.307,0.421,0.368,0.404,0.315,87.7,15.6,34.4,9.4,34.4,56.3,27.0,12.5,40.0,62.5,92.5,79.2,28.1,43.8,28.1,50.0,25.0,18.8,6.3,0.194,Sam Antonacci
"Torres, Gleyber",650402,2026,123,,,,9,,,0.25,0.382,0.33,0.712,0.08,0.255,0.36,0.343,0.387,0.335,84.0,4.5,36.3,6.3,26.3,62.5,16.9,20.7,39.1,73.8,81.6,71.1,13.8,41.3,45.0,50.0,26.3,23.8,0.0,0.295,Gleyber Torres
"Barrosa, Jorge",678489,2026,64,,,,6,,,0.207,0.258,0.414,0.672,0.207,0.175,0.251,0.218,0.228,0.294,85.9,10.4,38.5,7.7,20.5,61.1,33.6,25.2,46.2,60.0,88.3,54.0,35.9,48.7,15.4,51.3,23.1,25.6,0.0,0.306,Jorge Barrosa
"Aranda, Jonathan",666018,2026,120,,,,23,,,0.228,0.347,0.475,0.822,0.247,0.232,0.465,0.36,0.358,0.357,91.1,17.4,41.3,12.0,42.7,62.2,28.3,21.8,43.6,75.0,84.1,67.5,32.0,41.3,26.7,34.7,34.7,25.3,5.3,0.235,Jonathan Aranda
"García, Adolis",666969,2026,112,,,,7,,,0.23,0.304,0.38,0.684,0.15,0.232,0.359,0.301,0.31,0.307,92.9,14.5,36.2,8.7,47.8,62.3,30.8,31.1,45.3,79.3,82.8,44.9,37.7,30.4,31.9,39.1,23.2,29.0,8.7,0.303,Adolis García
"Simpson, Chandler",802415,2026,116,,,,6,,,0.309,0.342,0.345,0.687,0.036,0.274,0.311,0.279,0.31,0.311,83.4,1.1,30.8,0.0,13.5,63.9,31.3,9.8,47.3,74.4,94.3,82.3,20.2,44.2,35.6,60.6,10.6,25.0,3.8,0.337,Chandler Simpson
"Suzuki, Seiya",673548,2026,70,,,,8,,,0.317,0.419,0.571,0.99,0.254,0.297,0.514,0.395,0.402,0.43,89.6,18.9,51.1,11.1,46.7,60.5,22.6,25.4,41.6,63.2,85.4,45.5,33.3,37.8,28.9,28.9,31.1,33.3,6.7,0.375,Seiya Suzuki
"McCutchen, Andrew",457705,2026,41,,,,5,,,0.205,0.256,0.333,0.589,0.128,0.171,0.312,0.235,0.225,0.262,89.7,22.3,39.1,13.0,30.4,76.2,26.2,38.5,51.0,84.6,71.4,33.3,30.4,56.5,13.0,39.1,30.4,17.4,13.0,0.318,Andrew McCutchen
"Massey, Michael",686681,2026,47,,,,6,,,0.25,0.277,0.432,0.709,0.182,0.201,0.381,0.267,0.235,0.306,90.0,19.7,32.4,8.8,47.1,64.0,34.7,29.7,48.7,76.5,75.4,61.8,50.0,32.4,17.6,26.5,44.1,23.5,5.9,0.303,Michael Massey
"Caballero, José",676609,2026,102,,,,11,,,0.273,0.321,0.414,0.735,0.141,0.22,0.304,0.259,0.272,0.328,83.7,11.1,32.0,2.7,29.3,68.2,31.5,29.6,49.0,86.7,74.8,61.8,46.7,34.7,18.7,52.0,18.7,20.0,9.3,0.333,José Caballero
"Rice, Ben",700250,2026,109,,,,21,,,0.322,0.447,0.744,1.191,0.422,0.304,0.639,0.456,0.439,0.492,95.7,12.6,43.5,22.6,64.5,57.7,19.9,25.4,37.0,76.7,84.4,50.9,50.0,33.9,16.1,41.9,30.6,25.8,1.6,0.365,Ben Rice
"De Los Santos, Deyvison",691277,2026,7,,,,0,,,0.286,0.286,0.429,0.715,0.143,0.201,0.314,0.221,0.201,0.311,92.9,-8.2,50.0,25.0,25.0,53.8,57.1,31.6,55.9,0.0,100.0,50.0,75.0,25.0,0.0,50.0,25.0,25.0,0.0,0.5,Deyvison De Los Santos
"Machado, Manny",592518,2026,110,,,,16,,,0.232,0.342,0.4,0.742,0.168,0.252,0.379,0.334,0.365,0.331,88.8,9.4,32.0,6.7,41.3,67.7,24.1,23.7,44.4,82.8,81.0,65.0,42.7,32.0,25.3,40.0,20.0,30.7,9.3,0.254,Manny Machado
"Gurriel Jr., Lourdes",666971,2026,26,,,,3,,,0.125,0.192,0.167,0.359,0.042,0.201,0.247,0.234,0.262,0.173,86.3,8.4,22.7,0.0,22.7,67.4,31.9,21.7,49.5,85.7,93.5,46.7,45.5,36.4,18.2,50.0,18.2,18.2,13.6,0.136,Lourdes Gurriel Jr.
"Fortes, Nick",663743,2026,74,,,,8,,,0.292,0.338,0.403,0.741,0.111,0.29,0.374,0.317,0.336,0.333,88.0,5.5,27.4,1.6,45.2,67.2,37.6,15.8,51.2,56.5,92.5,71.7,50.0,35.5,14.5,58.1,12.9,19.4,9.7,0.328,Nick Fortes
"Schmitt, Casey",669477,2026,89,,,,13,,,0.296,0.348,0.543,0.891,0.247,0.272,0.54,0.369,0.327,0.386,91.4,22.6,41.3,15.9,50.8,67.7,32.7,24.5,50.9,73.3,86.7,50.0,49.2,28.6,22.2,31.7,41.3,17.5,9.5,0.339,Casey Schmitt
"Santana, Carlos",467793,2026,26,,,,0,,,0.083,0.154,0.125,0.279,0.042,0.141,0.192,0.188,0.208,0.138,87.8,29.5,25.0,0.0,43.8,68.0,35.7,29.6,50.9,66.7,85.3,45.0,43.8,31.3,25.0,25.0,31.3,18.8,25.0,0.125,Carlos Santana
"Bell, Josh",605137,2026,109,,,,16,,,0.235,0.333,0.378,0.711,0.143,0.244,0.421,0.337,0.342,0.323,88.8,17.4,38.0,8.9,40.5,74.2,27.8,25.6,47.7,85.7,81.9,59.4,49.4,29.1,21.5,30.4,29.1,30.4,10.1,0.263,Josh Bell
"O'Neill, Tyler",641933,2026,42,,,,4,,,0.216,0.31,0.297,0.607,0.081,0.183,0.314,0.273,0.28,0.286,88.7,29.2,33.3,3.7,40.7,75.0,22.6,32.9,46.8,91.7,74.1,47.4,44.4,40.7,14.8,29.6,37.0,14.8,18.5,0.269,Tyler O'Neill
"Clement, Ernie",676391,2026,113,,,,7,,,0.31,0.316,0.422,0.738,0.112,0.272,0.35,0.272,0.278,0.325,86.7,16.7,32.7,0.0,27.1,71.8,45.0,16.2,58.6,80.0,93.7,67.5,43.0,40.2,16.8,35.5,20.6,29.9,14.0,0.336,Ernie Clement
"McCarthy, Jake",664983,2026,61,,,,6,,,0.264,0.328,0.396,0.724,0.132,0.256,0.37,0.31,0.32,0.324,84.4,14.2,24.4,4.4,22.2,73.1,31.7,26.9,52.7,81.3,78.9,59.4,26.7,55.6,17.8,51.1,15.6,20.0,13.3,0.333,Jake McCarthy
"Canzone, Dominic",686527,2026,68,,,,12,,,0.279,0.338,0.525,0.863,0.246,0.303,0.565,0.396,0.364,0.373,95.1,22.4,44.9,16.3,49.0,64.5,31.6,30.0,47.2,56.3,80.8,50.0,36.7,34.7,28.6,26.5,36.7,28.6,8.2,0.304,Dominic Canzone
"Julien, Edouard",666397,2026,84,,,,10,,,0.284,0.369,0.392,0.761,0.108,0.275,0.453,0.359,0.361,0.346,90.3,5.3,45.3,9.4,43.4,60.0,20.9,26.2,40.6,81.3,81.9,50.0,39.6,37.7,22.6,54.7,18.9,26.4,0.0,0.385,Edouard Julien
"Gonzales, Nick",693304,2026,95,,,,13,,,0.323,0.364,0.376,0.74,0.053,0.311,0.396,0.332,0.353,0.336,87.6,5.7,35.1,1.4,43.2,80.5,34.3,23.9,58.0,84.4,82.4,60.0,40.5,31.1,28.4,51.4,16.2,28.4,4.1,0.405,Nick Gonzales
"Heim, Jonah",641680,2026,34,,,,2,,,0.233,0.324,0.333,0.657,0.1,0.197,0.297,0.272,0.292,0.302,85.8,18.3,28.0,4.0,32.0,54.5,33.8,19.2,43.3,33.3,83.3,77.3,48.0,24.0,28.0,36.0,24.0,24.0,16.0,0.28,Jonah Heim
"Robles, Victor",645302,2026,13,,,,1,,,0.231,0.231,0.308,0.539,0.077,0.232,0.366,0.256,0.232,0.237,82.6,18.0,30.0,10.0,20.0,73.9,33.3,25.9,50.9,100.0,82.4,60.0,40.0,10.0,50.0,40.0,20.0,20.0,20.0,0.3,Victor Robles
"Stewart, Sal",701398,2026,122,,,,29,,,0.291,0.385,0.602,0.987,0.311,0.296,0.596,0.423,0.397,0.42,91.5,13.3,41.0,21.7,48.8,71.2,28.7,24.6,49.3,76.9,79.8,65.3,32.5,32.5,34.9,42.2,36.1,16.9,4.8,0.284,Sal Stewart
"Peña, Jeremy",665161,2026,46,,,,0,,,0.256,0.304,0.349,0.653,0.093,0.33,0.449,0.361,0.374,0.295,86.1,18.3,40.5,2.7,29.7,80.4,31.8,21.6,56.7,100.0,87.8,53.6,45.9,37.8,16.2,35.1,35.1,24.3,5.4,0.297,Jeremy Peña
"Trammell, Taylor",666211,2026,33,,,,4,,,0.345,0.424,0.448,0.872,0.103,0.214,0.331,0.291,0.309,0.392,91.7,3.1,30.0,5.0,45.0,64.3,24.1,32.7,44.5,72.7,75.0,46.2,55.0,20.0,25.0,55.0,25.0,20.0,0.0,0.5,Taylor Trammell
"Bregman, Alex",608324,2026,131,,,,10,,,0.244,0.331,0.361,0.692,0.117,0.25,0.413,0.328,0.337,0.312,90.4,15.4,26.3,8.1,45.5,56.0,18.0,16.9,38.5,68.1,86.8,69.6,47.5,34.3,18.2,44.4,23.2,19.2,13.1,0.271,Alex Bregman
"Grisham, Trent",663757,2026,101,,,,16,,,0.165,0.321,0.341,0.662,0.176,0.216,0.434,0.357,0.365,0.307,91.4,16.0,25.8,12.1,51.5,50.0,14.9,17.5,32.6,60.6,92.5,48.4,39.4,43.9,16.7,40.9,36.4,15.2,7.6,0.161,Trent Grisham
"Farmer, Kyle",571657,2026,7,,,,3,,,0.333,0.286,0.5,0.786,0.167,0.422,0.498,0.353,0.37,0.311,82.3,12.9,42.9,0.0,14.3,50.0,50.0,9.1,50.0,0.0,100.0,83.3,57.1,42.9,0.0,28.6,14.3,42.9,14.3,0.286,Kyle Farmer
"Hoskins, Rhys",656555,2026,81,,,,6,,,0.203,0.345,0.319,0.664,0.116,0.191,0.308,0.302,0.336,0.313,90.0,22.6,31.1,8.9,44.4,63.0,23.3,31.2,41.4,71.4,70.6,64.6,46.7,26.7,26.7,33.3,31.1,22.2,13.3,0.295,Rhys Hoskins
"Turang, Brice",668930,2026,116,,,,18,,,0.258,0.391,0.462,0.853,0.204,0.274,0.528,0.402,0.406,0.378,93.3,9.9,43.3,10.4,53.7,60.6,18.5,18.2,38.6,80.6,87.1,66.0,22.4,40.3,37.3,43.3,25.4,29.9,1.5,0.323,Brice Turang
