player_id,bb_count,air,pull_air,pull_fb,pull,fly_ball,line_drive,ground,avg_ev,avg_la,pull_air_pct,pull_fb_pct,pull_pct,air_pct
802415,85,30,6,0,24,5,25,51,79.54235294117647,-2.788235294117647,7.0588235294117645,0.0,28.235294117647058,35.294117647058826
676391,85,44,19,3,42,20,24,31,86.7764705882353,15.24705882352941,22.352941176470587,3.5294117647058822,49.411764705882355,51.76470588235294
805779,83,38,11,3,28,17,21,41,84.15975609756099,6.475609756097561,13.25301204819277,3.6144578313253013,33.734939759036145,45.78313253012048
680757,81,36,6,2,27,18,18,37,79.51851851851852,11.518518518518519,7.407407407407407,2.4691358024691357,33.333333333333336,44.44444444444444
695734,79,48,14,2,36,27,21,30,88.51538461538462,14.73076923076923,17.72151898734177,2.5316455696202533,45.56962025316456,60.75949367088607
650333,78,37,9,6,28,22,15,35,83.60384615384616,14.461538461538462,11.538461538461538,7.6923076923076925,35.8974358974359,47.43589743589744
686948,78,38,13,6,35,18,20,35,90.13974358974359,12.448717948717949,16.666666666666668,7.6923076923076925,44.87179487179487,48.717948717948715
663538,78,42,14,7,32,21,21,28,85.54805194805195,14.584415584415584,17.94871794871795,8.974358974358974,41.02564102564103,53.84615384615385
645277,76,42,14,5,32,24,18,30,86.05,15.921052631578947,18.42105263157895,6.578947368421052,42.10526315789474,55.26315789473684
666176,76,41,9,4,26,24,17,30,91.67866666666666,19.013333333333332,11.842105263157896,5.2631578947368425,34.21052631578947,53.94736842105263
670541,76,52,24,15,39,35,17,18,93.90657894736842,22.31578947368421,31.57894736842105,19.736842105263158,51.31578947368421,68.42105263157895
621493,75,46,10,1,29,23,23,25,90.41866666666667,18.053333333333335,13.333333333333334,1.3333333333333333,38.666666666666664,61.333333333333336
676475,75,35,11,5,35,23,12,36,91.59866666666666,10.346666666666666,14.666666666666666,6.666666666666667,46.666666666666664,46.666666666666664
608324,75,31,14,7,37,17,14,36,90.89054054054054,12.533333333333333,18.666666666666668,9.333333333333334,49.333333333333336,41.333333333333336
672580,75,37,13,4,34,19,18,34,89.58800000000001,9.386666666666667,17.333333333333332,5.333333333333333,45.333333333333336,49.333333333333336
669364,74,36,7,3,27,17,19,34,89.04324324324324,8.58108108108108,9.45945945945946,4.054054054054054,36.486486486486484,48.648648648648646
807712,74,36,7,2,27,22,14,32,85.54520547945205,16.493150684931507,9.45945945945946,2.7027027027027026,36.486486486486484,48.648648648648646
650490,74,31,4,1,17,14,17,38,89.1108108108108,5.0675675675675675,5.405405405405405,1.3513513513513513,22.972972972972972,41.891891891891895
608070,73,47,20,13,33,32,15,16,90.61780821917809,25.82191780821918,27.397260273972602,17.80821917808219,45.205479452054796,64.38356164383562
607208,72,40,11,7,25,24,16,29,88.57638888888889,15.791666666666666,15.277777777777779,9.722222222222221,34.72222222222222,55.55555555555556
694384,72,33,9,3,33,14,19,37,86.84166666666667,8.041666666666666,12.5,4.166666666666667,45.833333333333336,45.833333333333336
691406,72,34,18,10,36,17,17,28,90.39722222222223,15.51388888888889,25.0,13.88888888888889,50.0,47.22222222222222
518692,71,43,17,4,32,25,18,26,93.12394366197184,16.04225352112676,23.943661971830984,5.633802816901408,45.070422535211264,60.563380281690144
593428,71,32,13,5,35,16,16,34,89.7718309859155,9.901408450704226,18.309859154929576,7.042253521126761,49.29577464788732,45.070422535211264
666182,70,31,5,1,19,10,21,38,91.18285714285715,5.485714285714286,7.142857142857143,1.4285714285714286,27.142857142857142,44.285714285714285
656305,70,24,10,2,34,7,17,38,88.22089552238806,4.656716417910448,14.285714285714286,2.857142857142857,48.57142857142857,34.285714285714285
665489,70,28,7,3,26,12,16,39,92.05428571428571,4.271428571428571,10.0,4.285714285714286,37.142857142857146,40.0
805808,70,46,19,6,33,25,21,20,88.48571428571428,18.271428571428572,27.142857142857142,8.571428571428571,47.142857142857146,65.71428571428571
647304,70,28,14,6,39,14,14,33,86.34857142857142,12.271428571428572,20.0,8.571428571428571,55.714285714285715,40.0
514888,70,31,16,6,41,12,19,34,86.16142857142857,7.4,22.857142857142858,8.571428571428571,58.57142857142857,44.285714285714285
596019,70,37,14,4,35,17,20,28,90.30714285714286,14.7,20.0,5.714285714285714,50.0,52.857142857142854
672640,69,32,10,3,25,19,13,36,92.18695652173912,6.202898550724638,14.492753623188406,4.3478260869565215,36.231884057971016,46.3768115942029
607043,69,34,14,5,31,15,19,31,89.65797101449274,9.782608695652174,20.28985507246377,7.246376811594203,44.927536231884055,49.27536231884058
650402,68,37,2,1,11,20,17,31,83.15882352941176,5.220588235294118,2.9411764705882355,1.4705882352941178,16.176470588235293,54.411764705882355
677951,68,35,9,0,25,13,22,23,92.80597014925372,18.507462686567163,13.235294117647058,0.0,36.76470588235294,51.470588235294116
572233,68,31,10,3,25,17,14,32,90.03823529411765,10.852941176470589,14.705882352941176,4.411764705882353,36.76470588235294,45.588235294117645
689414,68,36,16,4,31,15,21,28,87.3264705882353,12.073529411764707,23.529411764705884,5.882352941176471,45.588235294117645,52.94117647058823
665926,68,32,9,5,29,18,14,33,86.03970588235293,7.985294117647059,13.235294117647058,7.352941176470588,42.64705882352941,47.05882352941177
660670,67,33,12,6,28,17,16,27,87.76716417910447,16.761194029850746,17.91044776119403,8.955223880597014,41.791044776119406,49.25373134328358
663586,67,29,9,3,31,17,12,29,90.11641791044777,19.791044776119403,13.432835820895523,4.477611940298507,46.26865671641791,43.28358208955224
691016,67,33,11,5,34,21,12,29,89.68358208955225,12.940298507462687,16.417910447761194,7.462686567164179,50.74626865671642,49.25373134328358
701538,67,34,12,2,32,18,16,28,87.6955223880597,13.059701492537313,17.91044776119403,2.985074626865672,47.76119402985075,50.74626865671642
686469,67,35,17,8,38,20,15,25,88.54776119402985,16.64179104477612,25.37313432835821,11.940298507462687,56.71641791044776,52.23880597014925
701398,66,35,8,4,21,24,11,27,91.403125,13.875,12.121212121212121,6.0606060606060606,31.818181818181817,53.03030303030303
521692,66,32,9,4,26,19,13,24,87.9060606060606,19.181818181818183,13.636363636363637,6.0606060606060606,39.39393939393939,48.484848484848484
606466,66,35,19,6,40,15,20,28,91.18939393939394,9.545454545454545,28.78787878787879,9.090909090909092,60.60606060606061,53.03030303030303
621043,66,32,11,1,28,10,22,31,89.3469696969697,8.454545454545455,16.666666666666668,1.5151515151515151,42.42424242424242,48.484848484848484
668227,66,27,9,4,25,12,15,38,90.15454545454546,3.3636363636363638,13.636363636363637,6.0606060606060606,37.878787878787875,40.90909090909091
547180,66,37,12,7,31,22,15,28,89.0060606060606,13.0,18.181818181818183,10.606060606060606,46.96969696969697,56.06060606060606
672695,65,26,11,5,39,13,13,36,84.296875,7.8125,16.923076923076923,7.6923076923076925,60.0,40.0
682928,65,37,14,7,31,23,14,24,90.55076923076923,15.938461538461539,21.53846153846154,10.76923076923077,47.69230769230769,56.92307692307692
683002,65,33,19,13,40,19,14,25,91.38923076923078,19.06153846153846,29.23076923076923,20.0,61.53846153846154,50.76923076923077
671056,65,25,8,2,28,10,15,34,90.50307692307692,7.876923076923077,12.307692307692308,3.076923076923077,43.07692307692308,38.46153846153846
681198,65,36,16,6,35,17,19,25,87.44000000000001,13.923076923076923,24.615384615384617,9.23076923076923,53.84615384615385,55.38461538461539
677594,64,27,8,2,27,13,14,33,88.5609375,7.234375,12.5,3.125,42.1875,42.1875
805300,64,35,14,6,31,19,16,22,86.2984126984127,17.38095238095238,21.875,9.375,48.4375,54.6875
670770,64,24,5,2,27,12,12,33,82.73050847457628,15.169491525423728,7.8125,3.125,42.1875,37.5
621566,64,32,14,9,30,23,9,25,91.6453125,17.234375,21.875,14.0625,46.875,50.0
800050,63,32,14,8,34,18,14,21,90.94920634920635,18.825396825396826,22.22222222222222,12.698412698412698,53.96825396825397,50.79365079365079
641355,63,35,11,8,24,26,9,19,87.63870967741936,23.096774193548388,17.46031746031746,12.698412698412698,38.095238095238095,55.55555555555556
663656,63,32,12,7,34,18,14,27,87.65396825396824,11.88888888888889,19.047619047619047,11.11111111111111,53.96825396825397,50.79365079365079
808982,63,29,8,2,27,12,17,32,89.07301587301588,11.285714285714286,12.698412698412698,3.1746031746031744,42.857142857142854,46.03174603174603
661388,63,29,11,2,24,13,16,25,91.36666666666667,15.412698412698413,17.46031746031746,3.1746031746031744,38.095238095238095,46.03174603174603
664761,62,24,1,1,22,12,12,32,89.02258064516128,9.919354838709678,1.6129032258064515,1.6129032258064515,35.483870967741936,38.70967741935484
543760,62,41,17,8,29,24,17,17,85.54262295081968,20.9672131147541,27.419354838709676,12.903225806451612,46.774193548387096,66.12903225806451
687263,62,40,21,11,35,27,13,20,88.81290322580645,22.451612903225808,33.87096774193548,17.741935483870968,56.45161290322581,64.51612903225806
677587,62,28,11,6,29,12,16,26,85.55901639344263,12.540983606557377,17.741935483870968,9.67741935483871,46.774193548387096,45.16129032258065
669127,62,37,9,5,22,23,14,19,92.2290322580645,20.387096774193548,14.516129032258064,8.064516129032258,35.483870967741936,59.67741935483871
677800,62,33,13,6,29,20,13,25,91.3,16.80327868852459,20.967741935483872,9.67741935483871,46.774193548387096,53.225806451612904
682829,62,31,8,2,26,18,13,30,94.71525423728814,13.898305084745763,12.903225806451612,3.225806451612903,41.935483870967744,50.0
802139,62,31,13,7,37,18,13,28,87.62622950819672,12.01639344262295,20.967741935483872,11.290322580645162,59.67741935483871,50.0
643289,62,33,9,4,23,17,16,22,87.45322580645161,18.903225806451612,14.516129032258064,6.451612903225806,37.096774193548384,53.225806451612904
663728,62,38,15,11,35,30,8,17,84.78225806451613,22.822580645161292,24.193548387096776,17.741935483870968,56.45161290322581,61.29032258064516
665487,62,33,3,0,18,13,20,27,92.88064516129033,7.306451612903226,4.838709677419355,0.0,29.032258064516128,53.225806451612904
678246,61,34,12,5,25,21,13,22,88.07540983606557,16.688524590163933,19.672131147540984,8.19672131147541,40.98360655737705,55.73770491803279
694671,61,26,6,2,19,13,13,28,90.78524590163934,13.21311475409836,9.836065573770492,3.278688524590164,31.147540983606557,42.622950819672134
682663,61,24,6,2,23,11,13,28,88.86065573770492,12.639344262295081,9.836065573770492,3.278688524590164,37.704918032786885,39.34426229508197
701358,61,33,6,4,21,18,15,26,89.66333333333334,9.733333333333333,9.836065573770492,6.557377049180328,34.42622950819672,54.09836065573771
596115,61,30,12,4,29,14,16,29,89.55081967213115,10.262295081967213,19.672131147540984,6.557377049180328,47.540983606557376,49.18032786885246
666018,61,38,12,6,23,22,16,20,91.97049180327869,17.672131147540984,19.672131147540984,9.836065573770492,37.704918032786885,62.295081967213115
660271,60,34,15,7,37,23,11,24,94.61333333333333,13.133333333333333,25.0,11.666666666666666,61.666666666666664,56.666666666666664
642715,60,33,14,5,28,18,15,18,89.48333333333333,23.333333333333332,23.333333333333332,8.333333333333334,46.666666666666664,55.0
702284,60,30,15,7,35,15,15,21,85.78333333333333,18.7,25.0,11.666666666666666,58.333333333333336,50.0
671277,60,23,6,0,24,11,12,32,90.79137931034482,10.655172413793103,10.0,0.0,40.0,38.333333333333336
805367,60,28,11,5,29,14,14,31,87.23389830508475,7.338983050847458,18.333333333333332,8.333333333333334,48.333333333333336,46.666666666666664
669394,60,29,14,3,32,13,16,29,89.96166666666666,7.05,23.333333333333332,5.0,53.333333333333336,48.333333333333336
681624,60,34,10,3,20,15,19,20,92.03333333333333,18.383333333333333,16.666666666666668,5.0,33.333333333333336,56.666666666666664
691718,60,25,9,5,31,18,7,26,87.86999999999999,20.566666666666666,15.0,8.333333333333334,51.666666666666664,41.666666666666664
683737,60,26,9,5,26,17,9,31,83.38666666666667,12.233333333333333,15.0,8.333333333333334,43.333333333333336,43.333333333333336
545361,59,37,15,7,29,26,11,18,92.97241379310344,23.17241379310345,25.423728813559322,11.864406779661017,49.152542372881356,62.71186440677966
621439,59,33,13,7,26,20,13,15,87.97457627118644,25.89830508474576,22.033898305084747,11.864406779661017,44.067796610169495,55.932203389830505
605137,59,37,18,10,30,18,19,17,89.48474576271187,17.89830508474576,30.508474576271187,16.949152542372882,50.847457627118644,62.71186440677966
678662,59,36,13,5,24,17,19,20,89.44237288135594,14.440677966101696,22.033898305084747,8.474576271186441,40.67796610169491,61.016949152542374
669257,59,35,9,4,19,22,13,19,88.11525423728814,18.983050847457626,15.254237288135593,6.779661016949152,32.20338983050848,59.32203389830509
656775,59,33,13,6,25,21,12,15,84.62881355932204,28.54237288135593,22.033898305084747,10.169491525423728,42.3728813559322,55.932203389830505
691781,58,26,2,1,21,15,11,32,88.84137931034483,3.1206896551724137,3.4482758620689653,1.7241379310344827,36.206896551724135,44.827586206896555
656811,58,31,8,1,28,17,14,27,89.8603448275862,11.206896551724139,13.793103448275861,1.7241379310344827,48.275862068965516,53.44827586206897
682985,58,30,7,4,24,19,11,27,89.67241379310344,11.793103448275861,12.068965517241379,6.896551724137931,41.37931034482759,51.724137931034484
673237,58,21,3,1,21,11,10,33,86.93793103448276,7.362068965517241,5.172413793103448,1.7241379310344827,36.206896551724135,36.206896551724135
702332,58,19,9,2,27,7,12,35,86.20175438596492,7.526315789473684,15.517241379310345,3.4482758620689653,46.55172413793103,32.758620689655174
671739,58,25,11,4,28,12,13,31,93.79473684210527,5.491228070175438,18.96551724137931,6.896551724137931,48.275862068965516,43.10344827586207
624413,57,30,7,3,22,17,13,26,94.66842105263159,10.824561403508772,12.280701754385966,5.2631578947368425,38.59649122807018,52.63157894736842
664040,57,28,15,7,28,18,10,20,86.16842105263159,16.63157894736842,26.31578947368421,12.280701754385966,49.12280701754386,49.12280701754386
657656,57,32,9,7,21,21,11,23,90.16140350877193,11.543859649122806,15.789473684210526,12.280701754385966,36.8421052631579,56.14035087719298
695578,57,29,4,2,20,15,14,27,96.74561403508773,7.578947368421052,7.017543859649122,3.508771929824561,35.08771929824562,50.87719298245614
571448,57,28,12,5,24,14,14,19,82.97368421052632,23.614035087719298,21.05263157894737,8.771929824561404,42.10526315789474,49.12280701754386
643446,57,25,7,1,24,6,19,28,86.22105263157896,9.298245614035087,12.280701754385966,1.7543859649122806,42.10526315789474,43.85964912280702
646240,57,32,8,2,24,17,15,22,90.56071428571428,13.107142857142858,14.035087719298245,3.508771929824561,42.10526315789474,56.14035087719298
665833,57,30,15,6,30,15,15,26,97.5280701754386,9.052631578947368,26.31578947368421,10.526315789473685,52.63157894736842,52.63157894736842
691023,56,35,9,4,21,20,15,18,95.35000000000001,15.339285714285714,16.071428571428573,7.142857142857143,37.5,62.5
660821,56,31,8,2,20,12,19,23,92.30714285714285,10.375,14.285714285714286,3.5714285714285716,35.714285714285715,55.357142857142854
662139,56,32,14,7,29,14,18,19,84.78928571428571,18.196428571428573,25.0,12.5,51.785714285714285,57.142857142857146
696285,56,29,6,2,22,11,18,24,87.05535714285715,10.392857142857142,10.714285714285714,3.5714285714285716,39.285714285714285,51.785714285714285
686217,56,18,6,3,26,11,7,29,84.17857142857143,12.0,10.714285714285714,5.357142857142857,46.42857142857143,32.142857142857146
673962,56,28,4,0,17,10,18,26,91.12321428571428,10.035714285714286,7.142857142857143,0.0,30.357142857142858,50.0
680574,56,27,9,5,21,20,7,21,87.19090909090909,22.836363636363636,16.071428571428573,8.928571428571429,37.5,48.214285714285715
669016,56,30,8,5,23,16,14,26,90.80714285714285,10.660714285714286,14.285714285714286,8.928571428571429,41.07142857142857,53.57142857142857
605170,56,28,14,4,28,10,18,26,88.0625,11.785714285714286,25.0,7.142857142857143,50.0,50.0
553993,55,28,14,4,27,12,16,22,85.43529411764706,16.705882352941178,25.454545454545453,7.2727272727272725,49.09090909090909,50.90909090909091
683083,55,24,4,1,20,10,14,29,79.52909090909091,5.0,7.2727272727272725,1.8181818181818181,36.36363636363637,43.63636363636363
668804,55,28,10,4,28,13,15,26,91.36181818181818,6.909090909090909,18.181818181818183,7.2727272727272725,50.90909090909091,50.90909090909091
693307,55,30,9,5,26,17,13,24,91.86851851851851,9.944444444444445,16.363636363636363,9.090909090909092,47.27272727272727,54.54545454545455
669236,54,25,12,6,32,14,11,28,88.7622641509434,2.888888888888889,22.22222222222222,11.11111111111111,59.25925925925926,46.2962962962963
592518,54,25,11,5,26,10,15,23,86.56111111111112,7.444444444444445,20.37037037037037,9.25925925925926,48.148148148148145,46.2962962962963
682657,54,26,10,5,24,13,13,22,87.00555555555556,18.11111111111111,18.51851851851852,9.25925925925926,44.44444444444444,48.148148148148145
673357,54,20,4,1,22,10,10,31,90.02962962962964,7.203703703703703,7.407407407407407,1.8518518518518519,40.74074074074074,37.03703703703704
608369,54,28,10,6,28,18,10,21,90.29074074074073,17.09259259259259,18.51851851851852,11.11111111111111,51.851851851851855,51.851851851851855
621020,53,28,15,10,30,20,8,22,90.51132075471699,13.358490566037736,28.30188679245283,18.867924528301888,56.60377358490566,52.83018867924528
693304,53,20,4,1,20,9,11,30,85.96603773584906,3.5283018867924527,7.547169811320755,1.8867924528301887,37.735849056603776,37.735849056603776
671732,53,24,6,1,24,10,14,26,89.19056603773586,3.2830188679245285,11.320754716981131,1.8867924528301887,45.283018867924525,45.283018867924525
682668,53,18,0,0,19,12,6,32,86.71132075471698,3.1320754716981134,0.0,0.0,35.84905660377358,33.9622641509434
666969,53,29,5,1,20,13,16,18,92.80943396226414,17.660377358490567,9.433962264150944,1.8867924528301887,37.735849056603776,54.716981132075475
701350,53,27,5,1,20,13,14,25,92.49038461538461,10.307692307692308,9.433962264150944,1.8867924528301887,37.735849056603776,50.943396226415096
681082,52,22,6,4,26,14,8,27,89.63653846153846,8.884615384615385,11.538461538461538,7.6923076923076925,50.0,42.30769230769231
686797,52,25,10,7,24,14,11,21,86.86346153846154,16.03846153846154,19.23076923076923,13.461538461538462,46.15384615384615,48.07692307692308
687859,52,30,8,5,21,13,17,21,88.29230769230769,6.8076923076923075,15.384615384615385,9.615384615384615,40.38461538461539,57.69230769230769
690993,52,26,10,3,25,14,12,24,94.20384615384616,10.826923076923077,19.23076923076923,5.769230769230769,48.07692307692308,50.0
641343,52,25,9,7,29,14,11,23,92.10192307692309,10.884615384615385,17.307692307692307,13.461538461538462,55.76923076923077,48.07692307692308
670623,52,32,17,10,27,18,14,12,88.00961538461539,27.903846153846153,32.69230769230769,19.23076923076923,51.92307692307692,61.53846153846154
592450,52,25,11,7,26,17,8,20,91.61346153846154,15.01923076923077,21.153846153846153,13.461538461538462,50.0,48.07692307692308
668930,51,27,4,1,11,15,12,23,93.056,11.26,7.8431372549019605,1.9607843137254901,21.568627450980394,52.94117647058823
669701,51,27,10,6,25,16,11,20,86.12352941176471,12.27450980392157,19.607843137254903,11.764705882352942,49.01960784313726,52.94117647058823
571970,51,27,12,8,29,19,8,23,92.01764705882353,14.019607843137255,23.529411764705884,15.686274509803921,56.86274509803921,52.94117647058823
542303,51,27,8,3,21,13,14,14,88.146,25.32,15.686274509803921,5.882352941176471,41.1764705882353,52.94117647058823
650859,51,23,9,3,26,8,15,26,86.7156862745098,5.666666666666667,17.647058823529413,5.882352941176471,50.98039215686274,45.09803921568628
691026,50,21,8,2,25,10,11,22,84.986,15.34,16.0,4.0,50.0,42.0
691777,50,24,12,4,24,13,11,24,93.184,9.18,24.0,8.0,48.0,48.0
663647,50,29,4,2,11,17,12,17,89.82978723404256,19.595744680851062,8.0,4.0,22.0,58.0
630105,50,19,2,2,19,10,9,28,87.306,5.78,4.0,4.0,38.0,38.0
672960,50,21,10,2,25,9,12,22,90.236,16.82,20.0,4.0,50.0,42.0
676609,50,22,11,3,28,11,11,25,82.39399999999999,7.9,22.0,6.0,56.0,44.0
682998,50,28,10,3,24,14,14,20,90.884,10.34,20.0,6.0,48.0,56.0
657757,50,22,7,4,18,9,13,21,89.014,11.6,14.0,8.0,36.0,44.0
663743,50,17,9,4,22,8,9,27,86.792,7.46,18.0,8.0,44.0,34.0
642086,49,31,12,5,21,15,16,15,90.07142857142857,14.591836734693878,24.489795918367346,10.204081632653061,42.857142857142854,63.265306122448976
664023,49,27,14,7,26,17,10,21,91.13061224489795,10.183673469387756,28.571428571428573,14.285714285714286,53.06122448979592,55.10204081632653
545121,49,23,13,2,23,6,17,22,84.12244897959184,5.612244897959184,26.53061224489796,4.081632653061225,46.93877551020408,46.93877551020408
694497,49,28,8,4,17,16,12,16,85.94489795918368,18.693877551020407,16.3265306122449,8.16326530612245,34.69387755102041,57.142857142857146
573262,49,22,10,4,29,12,10,25,90.06122448979592,8.510204081632653,20.408163265306122,8.16326530612245,59.183673469387756,44.89795918367347
671218,49,23,6,1,17,12,11,24,92.51063829787235,9.361702127659575,12.244897959183673,2.0408163265306123,34.69387755102041,46.93877551020408
519317,48,27,12,4,23,13,14,14,92.02916666666665,22.354166666666668,25.0,8.333333333333334,47.916666666666664,56.25
575929,48,25,11,5,27,13,12,19,92.79130434782608,16.847826086956523,22.916666666666668,10.416666666666666,56.25,52.083333333333336
668715,48,27,14,11,24,20,7,18,88.69347826086957,19.543478260869566,29.166666666666668,22.916666666666668,50.0,56.25
606192,48,23,8,4,21,12,11,22,89.61702127659575,12.361702127659575,16.666666666666668,8.333333333333334,43.75,47.916666666666664
681393,48,26,7,5,18,18,8,18,88.53541666666666,17.041666666666668,14.583333333333334,10.416666666666666,37.5,54.166666666666664
663757,48,23,10,7,21,16,7,21,92.30833333333334,16.145833333333332,20.833333333333332,14.583333333333334,43.75,47.916666666666664
678882,48,26,7,4,17,9,17,20,88.10652173913044,10.304347826086957,14.583333333333334,8.333333333333334,35.416666666666664,54.166666666666664
669357,48,29,12,6,25,18,11,16,86.98541666666667,21.375,25.0,12.5,52.083333333333336,60.416666666666664
677950,47,21,6,2,21,11,10,23,89.28222222222222,8.444444444444445,12.76595744680851,4.25531914893617,44.680851063829785,44.680851063829785
595879,47,22,8,3,22,7,15,21,85.35957446808511,9.063829787234043,17.02127659574468,6.382978723404255,46.808510638297875,46.808510638297875
695657,47,23,13,8,27,15,8,17,87.94680851063829,23.04255319148936,27.659574468085108,17.02127659574468,57.4468085106383,48.93617021276596
672724,47,23,9,4,20,7,16,20,85.85744680851063,9.702127659574469,19.148936170212767,8.51063829787234,42.5531914893617,48.93617021276596
681351,47,22,9,5,28,14,8,19,87.5,17.893617021276597,19.148936170212767,10.638297872340425,59.57446808510638,46.808510638297875
702222,47,16,2,1,16,6,10,29,88.36170212765957,0.06382978723404255,4.25531914893617,2.127659574468085,34.04255319148936,34.04255319148936
656941,46,30,11,6,24,20,10,12,92.94347826086955,24.456521739130434,23.91304347826087,13.043478260869565,52.17391304347826,65.21739130434783
807713,46,24,6,1,14,12,12,19,86.81521739130434,12.543478260869565,13.043478260869565,2.1739130434782608,30.434782608695652,52.17391304347826
694377,46,22,4,2,12,15,7,23,90.52826086956522,8.804347826086957,8.695652173913043,4.3478260869565215,26.08695652173913,47.82608695652174
691720,46,24,6,2,14,6,18,18,91.7586956521739,13.978260869565217,13.043478260869565,4.3478260869565215,30.434782608695652,52.17391304347826
680776,46,15,4,2,20,7,8,25,88.875,10.363636363636363,8.695652173913043,4.3478260869565215,43.47826086956522,32.608695652173914
683146,46,21,5,2,23,11,10,24,89.42826086956521,4.369565217391305,10.869565217391305,4.3478260869565215,50.0,45.65217391304348
696100,45,31,20,11,29,18,13,10,93.54,25.0,44.44444444444444,24.444444444444443,64.44444444444444,68.88888888888889
695506,45,25,7,1,17,9,16,19,95.17333333333333,3.933333333333333,15.555555555555555,2.2222222222222223,37.77777777777778,55.55555555555556
593871,45,24,12,5,25,10,14,17,87.24888888888889,10.911111111111111,26.666666666666668,11.11111111111111,55.55555555555556,53.333333333333336
699912,45,16,7,2,24,6,10,21,87.72222222222223,12.022222222222222,15.555555555555555,4.444444444444445,53.333333333333336,35.55555555555556
701807,45,19,3,0,13,8,11,24,89.3711111111111,6.688888888888889,6.666666666666667,0.0,28.88888888888889,42.22222222222222
810938,45,18,6,0,13,4,14,25,84.74000000000001,3.6,13.333333333333334,0.0,28.88888888888889,40.0
687363,45,14,1,0,23,4,10,29,76.5860465116279,-0.32558139534883723,2.2222222222222223,0.0,51.111111111111114,31.11111111111111
680977,45,19,10,5,23,9,10,20,83.81111111111112,12.977777777777778,22.22222222222222,11.11111111111111,51.111111111111114,42.22222222222222
669477,45,24,13,5,23,14,10,16,91.87727272727273,21.613636363636363,28.88888888888889,11.11111111111111,51.111111111111114,53.333333333333336
665862,44,17,9,5,26,11,6,20,86.92558139534884,18.511627906976745,20.454545454545453,11.363636363636363,59.09090909090909,38.63636363636363
682626,44,19,6,4,22,12,7,22,88.13409090909092,7.2272727272727275,13.636363636363637,9.090909090909092,50.0,43.18181818181818
624585,44,24,12,5,24,13,11,17,89.00681818181819,17.84090909090909,27.272727272727273,11.363636363636363,54.54545454545455,54.54545454545455
680777,44,24,8,4,19,14,10,14,91.61818181818181,21.681818181818183,18.181818181818183,9.090909090909092,43.18181818181818,54.54545454545455
691594,44,20,7,3,22,8,12,22,89.28181818181818,8.5,15.909090909090908,6.818181818181818,50.0,45.45454545454545
668901,43,18,4,3,18,13,5,22,89.5860465116279,11.604651162790697,9.30232558139535,6.976744186046512,41.86046511627907,41.86046511627907
666139,43,22,6,4,21,18,4,16,84.6906976744186,21.41860465116279,13.953488372093023,9.30232558139535,48.83720930232558,51.16279069767442
700250,43,25,11,5,23,14,11,17,94.87209302325581,14.69767441860465,25.58139534883721,11.627906976744185,53.48837209302326,58.13953488372093
679529,43,28,10,6,22,16,12,13,88.91162790697673,16.58139534883721,23.25581395348837,13.953488372093023,51.16279069767442,65.11627906976744
608348,43,22,7,2,17,10,12,17,94.37906976744186,17.348837209302324,16.27906976744186,4.651162790697675,39.53488372093023,51.16279069767442
691785,43,20,1,1,15,13,7,20,87.91428571428571,10.642857142857142,2.3255813953488373,2.3255813953488373,34.883720930232556,46.51162790697674
694212,43,19,2,1,15,13,6,19,93.22857142857143,16.095238095238095,4.651162790697675,2.3255813953488373,34.883720930232556,44.18604651162791
687462,43,20,5,2,18,9,11,18,85.73488372093023,17.3953488372093,11.627906976744185,4.651162790697675,41.86046511627907,46.51162790697674
670042,42,24,12,3,23,11,13,17,92.06190476190476,13.833333333333334,28.571428571428573,7.142857142857143,54.76190476190476,57.142857142857146
666160,42,23,16,10,25,17,6,12,89.18095238095238,27.166666666666668,38.095238095238095,23.80952380952381,59.523809523809526,54.76190476190476
687637,42,16,8,3,23,8,8,23,86.74285714285713,13.142857142857142,19.047619047619047,7.142857142857143,54.76190476190476,38.095238095238095
695600,42,20,11,7,25,13,7,20,89.73333333333333,10.547619047619047,26.19047619047619,16.666666666666668,59.523809523809526,47.61904761904762
808959,42,22,8,7,24,16,6,17,95.05365853658536,15.452380952380953,19.047619047619047,16.666666666666668,57.142857142857146,52.38095238095238
686527,42,30,10,3,15,17,13,8,94.79523809523809,26.023809523809526,23.80952380952381,7.142857142857143,35.714285714285715,71.42857142857143
686668,42,21,6,2,22,11,10,20,87.73658536585366,11.0,14.285714285714286,4.761904761904762,52.38095238095238,50.0
701762,42,26,7,4,14,16,10,15,98.54285714285714,17.285714285714285,16.666666666666668,9.523809523809524,33.333333333333336,61.904761904761905
664728,42,19,4,2,12,9,10,19,80.40238095238095,9.476190476190476,9.523809523809524,4.761904761904762,28.571428571428573,45.23809523809524
700337,41,19,6,3,17,11,8,22,88.9825,7.45,14.634146341463415,7.317073170731708,41.46341463414634,46.34146341463415
666126,40,20,6,4,18,9,11,18,91.0974358974359,7.205128205128205,15.0,10.0,45.0,50.0
543807,40,18,8,4,19,12,6,16,88.925,22.625,20.0,10.0,47.5,45.0
687401,40,11,4,2,15,7,4,26,83.70750000000001,-3.1,10.0,5.0,37.5,27.5
672275,40,15,4,4,22,8,7,22,89.25128205128205,9.717948717948717,10.0,10.0,55.0,37.5
663604,40,10,0,0,13,5,5,29,84.59210526315789,-2.1052631578947367,0.0,0.0,32.5,25.0
672820,40,23,10,2,20,12,11,12,87.9125,23.45,25.0,5.0,50.0,57.5
694388,40,13,4,0,17,6,7,26,89.95750000000001,7.625,10.0,0.0,42.5,32.5
678391,39,14,2,1,14,5,9,22,76.4025641025641,10.051282051282051,5.128205128205129,2.5641025641025643,35.8974358974359,35.8974358974359
666397,39,18,7,1,19,7,11,21,90.78461538461538,5.153846153846154,17.94871794871795,2.5641025641025643,48.717948717948715,46.15384615384615
678554,39,17,6,4,23,9,8,19,89.11025641025641,7.923076923076923,15.384615384615385,10.256410256410257,58.97435897435897,43.58974358974359
609280,39,16,9,1,22,6,10,20,89.60000000000001,7.948717948717949,23.076923076923077,2.5641025641025643,56.41025641025641,41.02564102564103
664770,39,16,5,1,16,8,8,19,86.54102564102564,17.58974358974359,12.820512820512821,2.5641025641025643,41.02564102564103,41.02564102564103
592663,39,24,5,2,19,13,11,15,89.72051282051282,10.256410256410257,12.820512820512821,5.128205128205129,48.717948717948715,61.53846153846154
660162,39,22,8,5,19,17,5,16,90.39473684210526,13.736842105263158,20.512820512820515,12.820512820512821,48.717948717948715,56.41025641025641
642708,38,19,4,2,13,11,8,16,90.63947368421053,13.078947368421053,10.526315789473685,5.2631578947368425,34.21052631578947,50.0
670242,38,20,6,3,19,9,11,17,89.15263157894738,9.078947368421053,15.789473684210526,7.894736842105263,50.0,52.63157894736842
641487,38,18,3,2,15,8,10,16,88.8891891891892,17.83783783783784,7.894736842105263,5.2631578947368425,39.473684210526315,47.36842105263158
690976,38,16,8,2,21,7,9,21,89.1921052631579,6.394736842105263,21.05263157894737,5.2631578947368425,55.26315789473684,42.10526315789474
663968,38,10,2,2,12,5,5,26,78.5027027027027,1.135135135135135,5.2631578947368425,5.2631578947368425,31.57894736842105,26.31578947368421
700932,38,16,7,2,22,8,8,18,89.7921052631579,13.631578947368421,18.42105263157895,5.2631578947368425,57.89473684210526,42.10526315789474
804606,38,14,7,2,19,7,7,21,83.85526315789474,5.868421052631579,18.42105263157895,5.2631578947368425,50.0,36.8421052631579
666310,38,22,8,4,17,13,9,15,90.22894736842105,10.921052631578947,21.05263157894737,10.526315789473685,44.73684210526316,57.89473684210526
650489,38,19,5,1,18,11,8,17,87.22368421052632,16.42105263157895,13.157894736842104,2.6315789473684212,47.36842105263158,50.0
681715,38,16,6,2,21,10,6,21,89.54736842105264,6.815789473684211,15.789473684210526,5.2631578947368425,55.26315789473684,42.10526315789474
666152,37,11,2,2,18,9,2,24,75.32702702702703,1.7837837837837838,5.405405405405405,5.405405405405405,48.648648648648646,29.72972972972973
687597,37,17,3,2,15,11,6,17,86.54594594594595,17.135135135135137,8.108108108108109,5.405405405405405,40.54054054054054,45.945945945945944
643217,37,23,16,8,26,13,10,11,88.87777777777778,21.583333333333332,43.24324324324324,21.62162162162162,70.27027027027027,62.16216216216216
663886,37,25,6,3,12,15,10,11,95.53611111111111,21.27777777777778,16.216216216216218,8.108108108108109,32.432432432432435,67.56756756756756
688363,37,16,9,6,20,12,4,17,82.57027027027027,17.675675675675677,24.324324324324323,16.216216216216218,54.054054054054056,43.24324324324324
683357,37,24,7,1,11,11,13,11,91.17567567567568,19.054054054054053,18.91891891891892,2.7027027027027026,29.72972972972973,64.86486486486487
592885,37,9,1,1,21,5,4,28,87.5027027027027,-3.2162162162162162,2.7027027027027026,2.7027027027027026,56.75675675675676,24.324324324324323
665161,37,22,7,1,17,13,9,13,86.0891891891892,18.27027027027027,18.91891891891892,2.7027027027027026,45.945945945945944,59.45945945945946
656555,37,22,9,1,20,12,10,10,89.03243243243243,23.324324324324323,24.324324324324323,2.7027027027027026,54.054054054054056,59.45945945945946
660688,37,17,7,5,23,13,4,17,87.31891891891892,16.27027027027027,18.91891891891892,13.513513513513514,62.16216216216216,45.945945945945944
682177,37,23,10,4,22,11,12,13,90.28108108108108,12.18918918918919,27.027027027027028,10.81081081081081,59.45945945945946,62.16216216216216
691723,36,16,7,3,16,11,5,16,85.65833333333333,17.805555555555557,19.444444444444443,8.333333333333334,44.44444444444444,44.44444444444444
676356,36,16,8,3,19,7,9,16,86.30833333333334,10.833333333333334,22.22222222222222,8.333333333333334,52.77777777777778,44.44444444444444
669224,36,17,6,4,19,12,5,17,90.16388888888889,12.833333333333334,16.666666666666668,11.11111111111111,52.77777777777778,47.22222222222222
668885,36,16,8,3,16,8,8,18,86.075,8.055555555555555,22.22222222222222,8.333333333333334,44.44444444444444,44.44444444444444
694208,36,21,7,2,13,11,10,13,92.89722222222223,14.555555555555555,19.444444444444443,5.555555555555555,36.111111111111114,58.333333333333336
641584,35,22,8,4,14,12,10,8,86.03428571428572,25.114285714285714,22.857142857142858,11.428571428571429,40.0,62.857142857142854
680779,35,14,6,3,19,8,6,16,87.61428571428571,16.2,17.142857142857142,8.571428571428571,54.285714285714285,40.0
686780,35,15,6,3,17,9,6,17,85.38285714285715,8.6,17.142857142857142,8.571428571428571,48.57142857142857,42.857142857142854
664056,35,12,8,4,19,7,5,21,87.60285714285715,8.142857142857142,22.857142857142858,11.428571428571429,54.285714285714285,34.285714285714285
663697,35,16,7,4,14,11,5,10,85.66,28.37142857142857,20.0,11.428571428571429,40.0,45.714285714285715
677942,35,16,3,0,12,7,9,18,90.15714285714286,12.914285714285715,8.571428571428571,0.0,34.285714285714285,45.714285714285715
677649,34,13,6,1,16,4,9,18,90.1909090909091,11.969696969696969,17.647058823529413,2.9411764705882355,47.05882352941177,38.23529411764706
686555,34,15,6,3,14,10,5,13,87.99411764705883,21.41176470588235,17.647058823529413,8.823529411764707,41.1764705882353,44.11764705882353
664983,34,13,3,0,10,6,7,16,78.27352941176471,9.176470588235293,8.823529411764707,0.0,29.41176470588235,38.23529411764706
592626,34,20,6,5,12,13,7,12,92.93235294117646,17.88235294117647,17.647058823529413,14.705882352941176,35.294117647058826,58.8235294117647
701675,34,12,6,3,18,6,6,19,80.65882352941176,8.264705882352942,17.647058823529413,8.823529411764707,52.94117647058823,35.294117647058826
678489,34,18,8,2,16,9,9,16,77.65588235294118,11.970588235294118,23.529411764705884,5.882352941176471,47.05882352941177,52.94117647058823
665966,34,16,2,2,9,9,7,16,89.34117647058824,8.352941176470589,5.882352941176471,5.882352941176471,26.470588235294116,47.05882352941177
681481,34,21,8,4,17,16,5,12,93.63529411764705,21.11764705882353,23.529411764705884,11.764705882352942,50.0,61.76470588235294
656716,33,15,5,2,20,8,7,16,85.76969696969697,13.0,15.151515151515152,6.0606060606060606,60.60606060606061,45.45454545454545
665750,33,20,8,3,12,10,10,11,85.85151515151514,16.12121212121212,24.242424242424242,9.090909090909092,36.36363636363637,60.60606060606061
643376,33,14,7,3,19,7,7,13,87.02121212121212,20.575757575757574,21.21212121212121,9.090909090909092,57.57575757575758,42.42424242424242
672515,33,23,11,3,15,13,10,7,87.43939393939394,23.181818181818183,33.333333333333336,9.090909090909092,45.45454545454545,69.6969696969697
670764,33,12,3,2,12,8,4,17,76.196875,13.34375,9.090909090909092,6.0606060606060606,36.36363636363637,36.36363636363637
672016,32,6,2,0,18,2,4,24,85.74516129032257,1.967741935483871,6.25,0.0,56.25,18.75
660844,32,16,5,1,13,9,7,13,85.953125,16.4375,15.625,3.125,40.625,50.0
657041,32,19,7,2,12,10,9,7,84.50625,29.28125,21.875,6.25,37.5,59.375
681297,32,13,3,2,14,8,5,19,83.315625,1.28125,9.375,6.25,43.75,40.625
695336,31,15,3,1,11,8,7,14,89.05483870967741,16.06451612903226,9.67741935483871,3.225806451612903,35.483870967741936,48.38709677419355
592206,31,21,12,5,19,9,12,9,88.54838709677419,14.258064516129032,38.70967741935484,16.129032258064516,61.29032258064516,67.74193548387096
694374,31,11,2,1,13,5,6,18,87.20689655172414,8.172413793103448,6.451612903225806,3.225806451612903,41.935483870967744,35.483870967741936
663837,31,16,6,2,15,7,9,13,87.79032258064517,9.32258064516129,19.35483870967742,6.451612903225806,48.38709677419355,51.61290322580645
676694,30,16,5,3,12,8,8,12,86.91333333333334,11.7,16.666666666666668,10.0,40.0,53.333333333333336
500743,30,14,2,1,8,4,10,13,87.73666666666666,13.4,6.666666666666667,3.3333333333333335,26.666666666666668,46.666666666666664
602104,30,15,2,1,11,9,6,12,90.93,13.933333333333334,6.666666666666667,3.3333333333333335,36.666666666666664,50.0
671289,29,13,4,1,12,5,8,15,85.05172413793103,12.758620689655173,13.793103448275861,3.4482758620689653,41.37931034482759,44.827586206896555
596142,29,12,7,5,17,7,5,12,89.32068965517242,15.206896551724139,24.137931034482758,17.24137931034483,58.62068965517241,41.37931034482759
680700,29,17,7,4,11,7,10,10,88.0,11.0,24.137931034482758,13.793103448275861,37.93103448275862,58.62068965517241
807799,28,12,4,1,16,4,8,16,90.68928571428572,4.178571428571429,14.285714285714286,3.5714285714285716,57.142857142857146,42.857142857142854
668939,28,16,7,3,13,7,9,10,90.47142857142856,18.5,25.0,10.714285714285714,46.42857142857143,57.142857142857146
682877,28,10,6,2,16,5,5,12,83.23571428571428,15.464285714285714,21.428571428571427,7.142857142857143,57.142857142857146,35.714285714285715
677588,28,15,5,3,9,7,8,11,87.7,15.75,17.857142857142858,10.714285714285714,32.142857142857146,53.57142857142857
671976,28,14,8,3,19,7,7,11,75.30357142857143,12.142857142857142,28.571428571428573,10.714285714285714,67.85714285714286,50.0
664702,27,14,10,4,13,7,7,13,84.5851851851852,7.111111111111111,37.03703703703704,14.814814814814815,48.148148148148145,51.851851851851855
686452,27,12,5,0,10,3,9,13,73.8,8.666666666666666,18.51851851851852,0.0,37.03703703703704,44.44444444444444
663616,27,18,6,1,11,7,11,8,88.12592592592593,12.814814814814815,22.22222222222222,3.7037037037037037,40.74074074074074,66.66666666666667
641857,27,13,4,2,13,10,3,14,92.28148148148148,7.185185185185185,14.814814814814815,7.407407407407407,48.148148148148145,48.148148148148145
686894,26,10,3,2,11,5,5,14,88.9346153846154,4.346153846153846,11.538461538461538,7.6923076923076925,42.30769230769231,38.46153846153846
665804,26,12,3,1,12,7,5,10,82.7576923076923,20.615384615384617,11.538461538461538,3.8461538461538463,46.15384615384615,46.15384615384615
667670,26,13,5,2,13,9,4,12,89.04230769230769,16.26923076923077,19.23076923076923,7.6923076923076925,50.0,50.0
678009,26,13,1,0,9,6,7,11,85.28076923076924,13.307692307692308,3.8461538461538463,0.0,34.61538461538461,50.0
543877,26,13,5,5,15,7,6,12,83.94615384615385,15.0,19.23076923076923,19.23076923076923,57.69230769230769,50.0
669003,25,11,4,1,9,4,7,13,91.664,5.56,16.0,4.0,36.0,44.0
680728,25,12,1,0,6,5,7,11,87.70833333333333,10.166666666666666,4.0,0.0,24.0,48.0
677592,25,13,5,3,12,7,6,10,90.28,12.68,20.0,12.0,48.0,52.0
666023,25,12,4,2,14,7,5,10,88.27600000000001,16.48,16.0,8.0,56.0,48.0
623168,25,10,4,1,14,4,6,14,78.2375,3.5833333333333335,16.0,4.0,56.0,40.0
624428,25,9,4,1,13,3,6,15,80.044,14.36,16.0,4.0,52.0,36.0
665742,25,12,5,2,12,4,8,12,87.25,4.0,20.0,8.0,48.0,48.0
664954,25,12,5,0,13,5,7,9,88.37200000000001,24.28,20.0,0.0,52.0,48.0
621438,25,16,5,2,10,11,5,8,84.052,20.8,20.0,8.0,40.0,64.0
663368,24,14,5,2,9,9,5,8,82.8625,17.625,20.833333333333332,8.333333333333334,37.5,58.333333333333336
673548,24,13,1,0,7,6,7,10,88.27499999999999,14.166666666666666,4.166666666666667,0.0,29.166666666666668,54.166666666666664
665561,24,15,5,3,9,12,3,4,88.05833333333334,35.875,20.833333333333332,12.5,37.5,62.5
672761,24,9,1,1,12,7,2,11,91.07916666666667,17.125,4.166666666666667,4.166666666666667,50.0,37.5
668904,24,12,6,3,12,6,6,10,92.86666666666667,9.75,25.0,12.5,50.0,50.0
605141,24,16,5,3,11,10,6,7,89.93333333333334,22.833333333333332,20.833333333333332,12.5,45.833333333333336,66.66666666666667
656484,23,13,7,3,13,5,8,8,85.50434782608696,10.826086956521738,30.434782608695652,13.043478260869565,56.52173913043478,56.52173913043478
665019,23,14,3,2,10,9,5,8,90.51739130434783,15.391304347826088,13.043478260869565,8.695652173913043,43.47826086956522,60.869565217391305
641933,23,10,6,3,12,7,3,8,86.77391304347826,26.956521739130434,26.08695652173913,13.043478260869565,52.17391304347826,43.47826086956522
664034,23,10,4,1,12,4,6,12,87.8409090909091,3.0,17.391304347826086,4.3478260869565215,52.17391304347826,43.47826086956522
669134,23,12,4,2,14,6,6,10,83.76086956521739,7.043478260869565,17.391304347826086,8.695652173913043,60.869565217391305,52.17391304347826
624641,22,7,3,0,12,2,5,12,86.94545454545454,8.590909090909092,13.636363636363637,0.0,54.54545454545455,31.818181818181817
667472,22,14,2,1,4,8,6,7,88.16190476190475,20.761904761904763,9.090909090909092,4.545454545454546,18.181818181818183,63.63636363636363
543510,22,10,1,0,5,5,5,12,89.9090909090909,9.045454545454545,4.545454545454546,0.0,22.727272727272727,45.45454545454545
595978,22,9,4,1,13,4,5,13,87.2909090909091,-0.13636363636363635,18.181818181818183,4.545454545454546,59.09090909090909,40.90909090909091
666181,22,12,3,1,9,8,4,6,89.22,29.9,13.636363636363637,4.545454545454546,40.90909090909091,54.54545454545455
620443,20,10,3,1,10,3,7,9,90.905,10.3,15.0,5.0,50.0,50.0
657136,20,10,1,0,5,6,4,7,85.22999999999999,14.1,5.0,0.0,25.0,50.0
643396,20,8,3,2,8,5,3,9,78.05263157894737,15.263157894736842,15.0,10.0,40.0,40.0
663993,20,10,3,0,11,2,8,10,90.475,3.8,15.0,0.0,55.0,50.0
669720,20,8,5,1,12,3,5,12,85.09,-2.75,25.0,5.0,60.0,40.0
691740,20,11,3,2,6,7,4,9,88.015,15.95,15.0,10.0,30.0,55.0
666464,20,9,1,1,6,6,3,10,86.63,7.55,5.0,5.0,30.0,45.0
666211,20,9,6,3,12,5,4,11,88.635,2.35,30.0,15.0,60.0,45.0
543309,20,11,6,3,10,6,5,7,90.045,22.2,30.0,15.0,50.0,55.0
676914,20,12,4,3,11,8,4,7,93.28999999999999,24.75,20.0,15.0,55.0,60.0
663698,19,11,4,4,9,10,1,7,85.3736842105263,17.263157894736842,21.05263157894737,21.05263157894737,47.36842105263158,57.89473684210526
808975,19,13,1,1,2,8,5,6,87.78947368421052,15.842105263157896,5.2631578947368425,5.2631578947368425,10.526315789473685,68.42105263157895
682622,19,2,1,1,14,2,0,16,84.89473684210526,-0.7368421052631579,5.2631578947368425,5.2631578947368425,73.6842105263158,10.526315789473685
687221,19,12,8,6,12,9,3,4,92.51578947368421,29.68421052631579,42.10526315789474,31.57894736842105,63.1578947368421,63.1578947368421
655316,19,11,3,1,7,4,7,7,93.80526315789473,16.31578947368421,15.789473684210526,5.2631578947368425,36.8421052631579,57.89473684210526
642201,19,8,1,0,7,5,3,10,80.83684210526316,2.8421052631578947,5.2631578947368425,0.0,36.8421052631579,42.10526315789474
641680,18,9,5,3,9,5,4,5,84.26111111111112,25.944444444444443,27.77777777777778,16.666666666666668,50.0,50.0
669289,18,7,3,0,7,2,5,11,84.08333333333333,-0.16666666666666666,16.666666666666668,0.0,38.888888888888886,38.888888888888886
669707,18,9,0,0,5,5,4,9,85.71176470588235,8.352941176470589,0.0,0.0,27.77777777777778,50.0
676724,18,5,3,1,12,2,3,13,86.21666666666667,-6.388888888888889,16.666666666666668,5.555555555555555,66.66666666666667,27.77777777777778
695020,18,6,2,1,9,5,1,8,86.95555555555556,24.055555555555557,11.11111111111111,5.555555555555555,50.0,33.333333333333336
642851,18,8,3,2,7,5,3,7,80.76111111111112,23.88888888888889,16.666666666666668,11.11111111111111,38.888888888888886,44.44444444444444
608701,18,7,3,2,7,5,2,6,84.4388888888889,27.444444444444443,16.666666666666668,11.11111111111111,38.888888888888886,38.888888888888886
672356,18,6,1,0,9,3,3,11,94.61764705882354,4.888888888888889,5.555555555555555,0.0,50.0,33.333333333333336
686681,18,12,4,2,8,7,5,6,90.25555555555555,12.61111111111111,22.22222222222222,11.11111111111111,44.44444444444444,66.66666666666667
624512,18,10,3,1,6,5,5,6,76.73333333333333,22.88888888888889,16.666666666666668,5.555555555555555,33.333333333333336,55.55555555555556
672386,18,6,3,1,8,2,4,10,85.53333333333333,4.722222222222222,16.666666666666668,5.555555555555555,44.44444444444444,33.333333333333336
656537,17,9,6,1,12,3,6,7,80.91875,15.6875,35.294117647058826,5.882352941176471,70.58823529411765,52.94117647058823
669743,17,8,4,1,9,3,5,6,84.21764705882353,13.882352941176471,23.529411764705884,5.882352941176471,52.94117647058823,47.05882352941177
668723,17,12,7,6,9,6,6,3,89.42941176470588,25.529411764705884,41.1764705882353,35.294117647058826,52.94117647058823,70.58823529411765
687231,17,8,1,1,6,4,4,8,88.77058823529411,13.058823529411764,5.882352941176471,5.882352941176471,35.294117647058826,47.05882352941177
681807,17,12,8,4,9,7,5,3,88.31176470588235,25.647058823529413,47.05882352941177,23.529411764705884,52.94117647058823,70.58823529411765
457705,16,8,2,1,9,5,3,7,91.6,15.1875,12.5,6.25,56.25,50.0
650968,16,4,0,0,5,3,1,11,90.01875,9.875,0.0,0.0,31.25,25.0
516782,16,6,2,0,8,3,3,10,90.26,-3.9375,12.5,0.0,50.0,37.5
668670,16,12,5,4,8,9,3,3,87.79375,29.375,31.25,25.0,50.0,75.0
665052,16,8,3,2,7,4,4,8,90.13125,6.375,18.75,12.5,43.75,50.0
467793,16,8,4,2,7,5,3,4,87.78125,29.4375,25.0,12.5,43.75,50.0
687957,16,8,3,1,8,3,5,7,85.375,15.5625,18.75,6.25,50.0,50.0
671655,15,6,3,1,9,1,5,7,88.95333333333333,6.533333333333333,20.0,6.666666666666667,60.0,40.0
803011,15,7,2,1,6,5,2,7,85.40714285714286,19.642857142857142,13.333333333333334,6.666666666666667,40.0,46.666666666666664
700246,15,6,2,0,5,4,2,7,80.2,15.333333333333334,13.333333333333334,0.0,33.333333333333336,40.0
650391,15,7,3,0,6,4,3,7,87.38666666666667,6.466666666666667,20.0,0.0,40.0,46.666666666666664
663330,15,9,2,0,5,3,6,5,92.21333333333334,14.933333333333334,13.333333333333334,0.0,33.333333333333336,60.0
669397,15,6,3,1,7,3,3,8,86.52,13.0,20.0,6.666666666666667,46.666666666666664,40.0
694728,15,9,6,2,9,4,5,5,84.63333333333334,13.333333333333334,40.0,13.333333333333334,60.0,60.0
628451,15,10,4,1,7,7,3,5,87.36666666666666,12.6,26.666666666666668,6.666666666666667,46.666666666666664,66.66666666666667
678218,15,7,3,2,8,3,4,7,85.58,12.666666666666666,20.0,13.333333333333334,53.333333333333336,46.666666666666664
665877,15,7,5,2,8,3,4,5,86.4,24.333333333333332,33.333333333333336,13.333333333333334,53.333333333333336,46.666666666666664
680718,14,9,3,3,5,7,2,5,90.69285714285715,17.785714285714285,21.428571428571427,21.428571428571427,35.714285714285715,64.28571428571429
687093,14,4,3,2,11,3,1,10,85.43571428571428,2.642857142857143,21.428571428571427,14.285714285714286,78.57142857142857,28.571428571428573
624424,14,9,4,0,8,3,6,5,92.83571428571429,14.142857142857142,28.571428571428573,0.0,57.142857142857146,64.28571428571429
692216,14,8,3,2,5,7,1,4,92.77857142857144,24.0,21.428571428571427,14.285714285714286,35.714285714285715,57.142857142857146
502671,14,6,1,1,5,3,3,7,90.11428571428571,6.714285714285714,7.142857142857143,7.142857142857143,35.714285714285715,42.857142857142854
596103,14,7,2,1,5,5,2,5,85.07142857142857,17.714285714285715,14.285714285714286,7.142857142857143,35.714285714285715,50.0
677956,14,7,2,0,6,4,3,5,87.78333333333335,27.666666666666668,14.285714285714286,0.0,42.857142857142854,50.0
622761,14,8,5,3,8,4,4,6,95.17142857142858,12.285714285714286,35.714285714285715,21.428571428571427,57.142857142857146,57.142857142857146
687551,13,3,2,1,5,2,1,8,86.48333333333333,12.916666666666666,15.384615384615385,7.6923076923076925,38.46153846153846,23.076923076923077
676439,13,9,3,1,7,4,5,4,87.70769230769231,14.76923076923077,23.076923076923077,7.6923076923076925,53.84615384615385,69.23076923076923
545341,13,9,2,0,5,6,3,3,93.07692307692308,25.923076923076923,15.384615384615385,0.0,38.46153846153846,69.23076923076923
641555,13,5,1,0,4,2,3,6,91.16923076923078,14.23076923076923,7.6923076923076925,0.0,30.76923076923077,38.46153846153846
663624,12,5,1,0,5,2,3,7,90.04166666666667,8.833333333333334,8.333333333333334,0.0,41.666666666666664,41.666666666666664
691783,12,8,6,4,9,6,2,4,90.41666666666667,23.5,50.0,33.333333333333336,75.0,66.66666666666667
669326,12,2,0,0,5,2,0,8,81.575,1.4166666666666667,0.0,0.0,41.666666666666664,16.666666666666668
681546,12,4,2,2,6,3,1,3,84.24166666666666,34.833333333333336,16.666666666666668,16.666666666666668,50.0,33.333333333333336
677870,11,2,1,0,5,0,2,8,86.12727272727273,-6.090909090909091,9.090909090909092,0.0,45.45454545454545,18.181818181818183
668952,11,5,3,2,6,3,2,3,88.83636363636364,27.454545454545453,27.272727272727273,18.181818181818183,54.54545454545455,45.45454545454545
641598,11,6,4,2,9,4,2,5,90.72727272727273,11.545454545454545,36.36363636363637,18.181818181818183,81.81818181818181,54.54545454545455
805249,11,7,1,0,3,3,4,3,81.25454545454545,22.727272727272727,9.090909090909092,0.0,27.272727272727273,63.63636363636363
600869,10,6,3,2,6,4,2,4,91.81,18.4,30.0,20.0,60.0,60.0
679845,10,5,3,2,6,3,2,4,88.7,18.0,30.0,20.0,60.0,50.0
518595,10,6,0,0,2,5,1,3,84.82000000000001,12.7,0.0,0.0,20.0,60.0
645302,10,4,1,0,4,2,2,4,82.57000000000001,18.0,10.0,0.0,40.0,40.0
669369,10,4,2,1,4,3,1,5,79.99,12.3,20.0,10.0,40.0,40.0
682641,9,2,1,0,5,1,1,4,86.69999999999999,25.666666666666668,11.11111111111111,0.0,55.55555555555556,22.22222222222222
680869,8,2,1,1,5,1,1,5,79.1125,1.25,12.5,12.5,62.5,25.0
624431,8,2,0,0,4,1,1,6,72.7,0.75,0.0,0.0,50.0,25.0
571657,7,4,4,1,5,1,3,2,82.31428571428572,13.0,57.142857142857146,14.285714285714286,71.42857142857143,57.142857142857146
701678,7,5,0,0,1,3,2,2,91.87142857142858,17.571428571428573,0.0,0.0,14.285714285714286,71.42857142857143
675659,7,1,0,0,2,0,1,6,73.17142857142858,-27.285714285714285,0.0,0.0,28.571428571428573,14.285714285714286
683766,7,3,0,0,1,2,1,2,89.25714285714285,29.0,0.0,0.0,14.285714285714286,42.857142857142854
666971,7,3,2,0,4,0,3,2,88.28571428571429,23.857142857142858,28.571428571428573,0.0,57.142857142857146,42.857142857142854
666931,6,3,1,1,3,2,1,3,93.64999999999999,13.5,16.666666666666668,16.666666666666668,50.0,50.0
669004,6,6,4,1,4,2,4,0,102.95,22.0,66.66666666666667,16.666666666666668,66.66666666666667,100.0
664059,6,4,1,0,2,2,2,2,88.95,20.166666666666668,16.666666666666668,0.0,33.333333333333336,66.66666666666667
695257,6,2,0,0,3,1,1,4,72.11666666666667,5.666666666666667,0.0,0.0,50.0,33.333333333333336
669899,5,4,1,0,1,1,3,0,84.08,35.4,20.0,0.0,20.0,80.0
664731,5,2,2,0,3,0,2,2,79.9,20.4,40.0,0.0,60.0,40.0
656582,5,2,1,0,4,1,1,3,100.16,1.4,20.0,0.0,80.0,40.0
669065,5,3,2,0,4,0,3,1,96.22,17.8,40.0,0.0,80.0,60.0
553869,4,2,1,1,2,1,1,2,90.225,6.75,25.0,25.0,50.0,50.0
671286,4,3,1,0,2,1,2,1,89.1,13.75,25.0,0.0,50.0,75.0
665953,4,4,0,0,0,3,1,0,94.8,27.25,0.0,0.0,0.0,100.0
683734,4,0,0,0,2,0,0,4,83.2,-8.25,0.0,0.0,50.0,0.0
669087,4,3,2,1,3,2,1,1,100.2,22.5,50.0,25.0,75.0,75.0
502054,4,1,0,0,3,0,1,3,93.975,-4.75,0.0,0.0,75.0,25.0
691277,4,2,1,0,3,1,1,2,92.875,-8.25,25.0,0.0,75.0,50.0
686823,4,0,0,0,1,0,0,2,79.7,43.0,0.0,0.0,25.0,0.0
690022,4,4,0,0,0,2,2,0,90.575,29.75,0.0,0.0,0.0,100.0
686475,4,0,0,0,2,0,0,4,80.7,-26.5,0.0,0.0,50.0,0.0
656976,4,2,0,0,0,2,0,1,92.075,39.5,0.0,0.0,0.0,50.0
690924,3,1,1,1,1,1,0,1,90.16666666666667,31.666666666666668,33.333333333333336,33.333333333333336,33.333333333333336,33.333333333333336
664238,3,3,0,0,0,2,1,0,93.66666666666667,24.666666666666668,0.0,0.0,0.0,100.0
694376,3,2,0,0,0,2,0,0,90.56666666666666,47.0,0.0,0.0,0.0,66.66666666666667
642215,3,3,2,1,2,2,1,0,102.66666666666667,21.666666666666668,66.66666666666667,33.333333333333336,66.66666666666667,100.0
677595,2,1,1,0,2,0,1,1,90.1,-15.0,50.0,0.0,100.0,50.0
666185,2,1,1,1,2,1,0,1,84.45,6.5,50.0,50.0,100.0,50.0
664068,2,0,0,0,1,0,0,1,77.4,23.0,0.0,0.0,50.0,0.0
663609,2,2,0,0,0,1,1,0,92.19999999999999,28.5,0.0,0.0,0.0,100.0
694025,2,2,0,0,0,2,0,0,92.3,32.5,0.0,0.0,0.0,100.0
691620,1,0,0,0,1,0,0,1,85.6,2.0,0.0,0.0,100.0,0.0
